Study,Trt,Cow,FCM
1,A,1,48.64
1,A,2,47.84
1,A,3,44.24
1,A,4,40.77
1,A,5,32.01
1,A,6,43.08
1,A,7,39.18
1,A,8,36.01
1,A,9,48.11
1,A,10,45.46
1,A,11,36.21
1,A,12,42.12
1,A,13,49.09
1,A,14,49.24
1,A,15,41.84
1,A,16,42.72
1,A,17,44.8
1,A,18,43.47
1,A,19,37.42
1,A,20,34.86
1,A,21,44.49
1,A,22,40.26
1,A,23,44.35
1,A,24,35.46
1,A,25,40.84
1,A,26,45.37
1,A,27,47.55
1,A,28,47.18
1,A,29,47.03
1,A,30,44.51
1,A,31,46.29
1,A,32,45.28
1,A,33,37.69
1,A,34,47.64
1,A,35,49.72
1,A,36,48.83
1,B,37,48.3
1,B,38,42.25
1,B,39,41.49
1,B,40,47.61
1,B,41,45.52
1,B,42,47.2
1,B,43,48.79
1,B,44,45.85
1,B,45,41.82
1,B,46,47.75
1,B,47,45.76
1,B,48,48.13
1,B,49,36.5
1,B,50,42.38
1,B,51,51.04
1,B,52,43.81
1,B,53,49.18
1,B,54,34.93
1,B,55,53.46
1,B,56,39.58
1,B,57,46.72
1,B,58,41.44
1,B,59,47.7
1,B,60,48.47
1,B,61,52.72
1,B,62,43.26
1,B,63,45.38
1,B,64,46.72
1,B,65,36.98
1,B,66,51.1
1,B,67,51.08
1,B,68,52.8
1,B,69,39.44
1,B,70,30.16
1,B,71,36.49
1,B,72,46.27
2,A,1,49.12
2,A,2,40.19
2,A,3,39.65
2,A,4,45.2
2,A,5,38.64
2,A,6,41.75
2,A,7,47.41
2,A,8,35.13
2,A,9,43.5
2,A,10,36.65
2,A,11,48.18
2,A,12,29.44
2,A,13,39.3
2,A,14,32.35
2,A,15,45.89
2,A,16,47.35
2,A,17,46.48
2,A,18,42.05
2,A,19,32.54
2,A,20,36.76
2,A,21,48.15
2,A,22,41.69
2,B,23,42.68
2,B,24,33.54
2,B,25,35.39
2,B,26,35.99
2,B,27,38.28
2,B,28,49.52
2,B,29,40.05
2,B,30,40.82
2,B,31,33.7
2,B,32,37.83
2,B,33,44.86
2,B,34,38.12
2,B,35,42.33
2,B,36,42.28
2,B,37,40.27
2,B,38,32.74
2,B,39,38.85
2,B,40,40.52
2,B,41,40.79
2,B,42,44.95
2,B,43,41.3
2,B,44,40.73
3,A,1,30.04
3,A,2,51.66
3,A,3,37.46
3,A,4,51.64
3,A,5,38.03
3,A,6,43.56
3,A,7,36.22
3,A,8,47.87
3,A,9,48.94
3,A,10,47.86
3,A,11,39.5
3,A,12,36.26
3,A,13,44.62
3,A,14,45.74
3,A,15,41.5
3,A,16,41.11
3,A,17,55.76
3,A,18,46.99
3,B,19,37
3,B,20,42.67
3,B,21,42.65
3,B,22,41.89
3,B,23,44.81
3,B,24,43.11
3,B,25,40.88
3,B,26,34.72
3,B,27,45.6
3,B,28,38.72
3,B,29,45.62
3,B,30,44.8
3,B,31,33.62
3,B,32,38.13
3,B,33,38.67
3,B,34,40.52
3,B,35,33.58
3,B,36,37.61
4,A,1,42.71
4,A,2,45.08
4,A,3,50.43
4,A,4,36.22
4,A,5,54.85
4,A,6,50.64
4,A,7,47.91
4,A,8,38.29
4,A,9,53.89
4,A,10,50.31
4,A,11,43.83
4,A,12,34.79
4,A,13,40.55
4,A,14,44.17
4,A,15,46.43
4,A,16,34.6
4,A,17,39.35
4,A,18,47.87
4,A,19,49.63
4,A,20,45.34
4,A,21,40.01
4,A,22,43.87
4,A,23,51.07
4,A,24,35.08
4,A,25,41.1
4,A,26,48.07
4,A,27,47.32
4,A,28,48.36
4,B,29,45.04
4,B,30,43.3
4,B,31,41.1
4,B,32,30.53
4,B,33,28.51
4,B,34,31.19
4,B,35,45.2
4,B,36,47.53
4,B,37,37.63
4,B,38,35.05
4,B,39,41.91
4,B,40,41.95
4,B,41,38.84
4,B,42,38.11
4,B,43,31.09
4,B,44,43.51
4,B,45,39.5
4,B,46,35.24
4,B,47,42.3
4,B,48,37.77
4,B,49,41.92
4,B,50,43.93
4,B,51,48.63
4,B,52,41.06
4,B,53,37.7
4,B,54,31.45
4,B,55,37.22
4,B,56,53.85
5,A,1,44.03
5,A,2,52.93
5,A,3,47.19
5,A,4,45.18
5,A,5,38.94
5,A,6,40.46
5,A,7,42.08
5,A,8,41.67
5,A,9,45.9
5,A,10,39.99
5,A,11,44.12
5,A,12,53.42
5,A,13,50.5
5,A,14,49.4
5,A,15,33.66
5,A,16,43.73
5,A,17,42.49
5,A,18,45.92
5,A,19,46.59
5,A,20,45.07
5,B,21,44.52
5,B,22,44.62
5,B,23,51.22
5,B,24,48.87
5,B,25,39.71
5,B,26,35.63
5,B,27,35.93
5,B,28,40.96
5,B,29,45.22
5,B,30,44.73
5,B,31,34.8
5,B,32,47.74
5,B,33,50.45
5,B,34,47.47
5,B,35,43.01
5,B,36,36.85
5,B,37,41.97
5,B,38,39.26
5,B,39,41.38
5,B,40,51.25
6,A,1,38.37
6,A,2,28.68
6,A,3,31.92
6,A,4,38.11
6,A,5,29.49
6,A,6,34.66
6,A,7,40.69
6,A,8,36.9
6,A,9,36.2
6,A,10,32.88
6,A,11,33.02
6,A,12,28.85
6,A,13,37.76
6,A,14,39.32
6,A,15,26.81
6,A,16,36.03
6,A,17,39.75
6,A,18,41.86
6,A,19,39.42
6,A,20,38.46
6,A,21,41.5
6,A,22,40.93
6,A,23,37.63
6,A,24,36.25
6,A,25,42.63
6,A,26,36.68
6,A,27,38.05
6,A,28,29.18
6,A,29,28.95
6,A,30,36.54
6,B,31,29.58
6,B,32,26.24
6,B,33,21.3
6,B,34,22.32
6,B,35,31.12
6,B,36,28.97
6,B,37,28.58
6,B,38,29.13
6,B,39,30.51
6,B,40,33.37
6,B,41,30.03
6,B,42,24.64
6,B,43,26.16
6,B,44,29.55
6,B,45,26.23
6,B,46,35.6
6,B,47,32.17
6,B,48,23.46
6,B,49,35.5
6,B,50,32.86
6,B,51,35.3
6,B,52,22.42
6,B,53,30.19
6,B,54,39.75
6,B,55,27.59
6,B,56,40.55
6,B,57,34.83
6,B,58,33.23
6,B,59,29.68
6,B,60,17.88
7,A,1,37.82
7,A,2,53.63
7,A,3,47.08
7,A,4,52.47
7,A,5,45.36
7,A,6,44.15
7,A,7,45.77
7,A,8,44.07
7,A,9,40.43
7,A,10,44.18
7,A,11,45.41
7,A,12,34.33
7,A,13,50.63
7,A,14,43.6
7,A,15,50.55
7,A,16,43.11
7,A,17,42.73
7,A,18,49.21
7,A,19,54.16
7,A,20,55.77
7,A,21,44.94
7,A,22,49.44
7,A,23,49.88
7,A,24,44.07
7,A,25,40.28
7,A,26,37.57
7,A,27,43.57
7,A,28,40.73
7,A,29,52.27
7,A,30,37.01
7,A,31,47.54
7,A,32,52.77
7,A,33,43.79
7,A,34,46.56
7,A,35,46.96
7,A,36,48.98
7,A,37,43.74
7,A,38,52.58
7,B,39,35.59
7,B,40,29.75
7,B,41,39.42
7,B,42,39.21
7,B,43,35.45
7,B,44,34.7
7,B,45,36.68
7,B,46,33.95
7,B,47,46.96
7,B,48,45.03
7,B,49,36.63
7,B,50,40.82
7,B,51,45.96
7,B,52,36.22
7,B,53,36.06
7,B,54,35.7
7,B,55,38.37
7,B,56,35.83
7,B,57,34.65
7,B,58,31.08
7,B,59,39.29
7,B,60,46.63
7,B,61,42.31
7,B,62,40.34
7,B,63,39.12
7,B,64,26.66
7,B,65,45.03
7,B,66,48.77
7,B,67,38.14
7,B,68,40.29
7,B,69,53.23
7,B,70,38.74
7,B,71,35.33
7,B,72,39.56
7,B,73,35.99
7,B,74,34.48
7,B,75,42.66
7,B,76,44.5
8,A,1,38.87
8,A,2,46.14
8,A,3,41.4
8,A,4,48.84
8,A,5,44.2
8,A,6,36.21
8,A,7,54.79
8,A,8,43.54
8,A,9,43.09
8,A,10,38.73
8,A,11,42.71
8,A,12,38.83
8,A,13,41.74
8,A,14,45.09
8,A,15,41.5
8,A,16,37.68
8,A,17,45.62
8,A,18,45.91
8,B,19,38.99
8,B,20,41.25
8,B,21,45.71
8,B,22,37.93
8,B,23,45.26
8,B,24,44.32
8,B,25,34.06
8,B,26,33.6
8,B,27,46.72
8,B,28,42.5
8,B,29,39.19
8,B,30,31.2
8,B,31,39.92
8,B,32,43.02
8,B,33,34.93
8,B,34,39.74
8,B,35,43
8,B,36,42.36
9,A,1,43.27
9,A,2,44.09
9,A,3,48.28
9,A,4,49.44
9,A,5,52.78
9,A,6,49.23
9,A,7,44.57
9,A,8,41.96
9,A,9,47.37
9,A,10,47.53
9,A,11,40.46
9,A,12,48.64
9,A,13,54.13
9,A,14,45.68
9,A,15,56.47
9,A,16,47.77
9,A,17,47.96
9,A,18,60.55
9,A,19,48.61
9,A,20,49.01
9,A,21,54.65
9,A,22,45.24
9,A,23,43.81
9,A,24,48.81
9,A,25,49.91
9,A,26,44.36
9,A,27,48.95
9,A,28,56.92
9,A,29,43.73
9,A,30,38.9
9,A,31,50.52
9,A,32,48.47
9,A,33,50.1
9,A,34,44.61
9,A,35,44.93
9,A,36,48.67
9,B,37,50.48
9,B,38,45
9,B,39,49.49
9,B,40,30.5
9,B,41,37.44
9,B,42,41.67
9,B,43,31.5
9,B,44,39.69
9,B,45,38.17
9,B,46,47.78
9,B,47,37.1
9,B,48,41.26
9,B,49,41.06
9,B,50,41.46
9,B,51,35.24
9,B,52,37.56
9,B,53,42.97
9,B,54,39.92
9,B,55,48.31
9,B,56,41.79
9,B,57,41.72
9,B,58,44.41
9,B,59,41.18
9,B,60,36.79
9,B,61,36.8
9,B,62,40.18
9,B,63,37.84
9,B,64,35.78
9,B,65,37.41
9,B,66,40.31
9,B,67,37.58
9,B,68,41.05
9,B,69,38.18
9,B,70,43.83
9,B,71,38.99
9,B,72,42.28
10,A,1,45.34
10,A,2,40.08
10,A,3,45.72
10,A,4,33.25
10,A,5,39.15
10,A,6,38.23
10,A,7,35.35
10,A,8,41.85
10,A,9,49.44
10,A,10,45.62
10,A,11,35.16
10,A,12,38.44
10,A,13,38.8
10,A,14,44.1
10,A,15,38.65
10,A,16,35.78
10,A,17,34.34
10,A,18,40.89
10,A,19,37.82
10,A,20,31.98
10,A,21,37.15
10,A,22,45.13
10,A,23,36.73
10,A,24,35.71
10,A,25,39.32
10,A,26,52.04
10,A,27,38.42
10,A,28,40.3
10,A,29,42.53
10,A,30,41.44
10,A,31,33.33
10,A,32,34.31
10,A,33,38.61
10,A,34,44.12
10,A,35,38.22
10,A,36,35.52
10,A,37,41.34
10,A,38,37.98
10,A,39,51.31
10,A,40,30.8
10,B,41,26.35
10,B,42,42.04
10,B,43,44.87
10,B,44,40.38
10,B,45,41.13
10,B,46,41.02
10,B,47,40.32
10,B,48,25.5
10,B,49,42.65
10,B,50,41.51
10,B,51,46.16
10,B,52,36.11
10,B,53,36
10,B,54,41.43
10,B,55,32.51
10,B,56,22.53
10,B,57,34.48
10,B,58,34.8
10,B,59,39.28
10,B,60,45.06
10,B,61,35.93
10,B,62,27.45
10,B,63,36.92
10,B,64,33.05
10,B,65,45.9
10,B,66,41.77
10,B,67,31.64
10,B,68,36.76
10,B,69,26.47
10,B,70,28.52
10,B,71,41.96
10,B,72,38.6
10,B,73,36.29
10,B,74,30.78
10,B,75,44.43
10,B,76,38.1
10,B,77,32.67
10,B,78,43.99
10,B,79,43.08
10,B,80,36.25
11,A,1,33.83
11,A,2,30.53
11,A,3,39.46
11,A,4,38.23
11,A,5,29.53
11,A,6,33.64
11,A,7,40.63
11,A,8,40.89
11,A,9,40.52
11,A,10,37.41
11,A,11,43.06
11,A,12,34.46
11,A,13,41.38
11,A,14,37.11
11,A,15,39.06
11,A,16,43.14
11,A,17,36.17
11,A,18,39.82
11,A,19,48.83
11,A,20,42.1
11,A,21,28.45
11,A,22,37.08
11,A,23,38.82
11,A,24,42.94
11,B,25,38.31
11,B,26,35.19
11,B,27,36.18
11,B,28,40.09
11,B,29,40.73
11,B,30,36.57
11,B,31,37.48
11,B,32,39.58
11,B,33,36.35
11,B,34,36.76
11,B,35,28.74
11,B,36,32.74
11,B,37,42.82
11,B,38,33.98
11,B,39,34.62
11,B,40,34.38
11,B,41,37.54
11,B,42,43.25
11,B,43,33.35
11,B,44,32.39
11,B,45,38.46
11,B,46,34.51
11,B,47,38.39
11,B,48,34.92
12,A,1,43.44
12,A,2,41.96
12,A,3,46.09
12,A,4,41.19
12,A,5,39.72
12,A,6,38.88
12,A,7,42.65
12,A,8,42.84
12,A,9,40.53
12,A,10,38.51
12,A,11,42.34
12,A,12,45.16
12,A,13,36.54
12,A,14,35.75
12,A,15,38.41
12,A,16,36.58
12,A,17,43.69
12,A,18,41.11
12,A,19,32.88
12,A,20,38.4
12,A,21,49.89
12,A,22,43.04
12,A,23,39.83
12,A,24,39.1
12,A,25,25.56
12,A,26,48.23
12,A,27,41.51
12,A,28,39.29
12,A,29,35.68
12,A,30,41.17
12,A,31,29.51
12,A,32,32.17
12,A,33,39.18
12,A,34,32.3
12,A,35,36.7
12,A,36,31.24
12,B,37,41.63
12,B,38,37.05
12,B,39,36.51
12,B,40,39.59
12,B,41,38.85
12,B,42,44.4
12,B,43,30.55
12,B,44,36.23
12,B,45,41.45
12,B,46,48.08
12,B,47,31.89
12,B,48,41.98
12,B,49,41.33
12,B,50,43.48
12,B,51,30.87
12,B,52,38.2
12,B,53,43.2
12,B,54,42.46
12,B,55,36.17
12,B,56,33.06
12,B,57,38.76
12,B,58,43.07
12,B,59,43.94
12,B,60,34.82
12,B,61,42.76
12,B,62,44.87
12,B,63,45.89
12,B,64,41.63
12,B,65,40.17
12,B,66,50.26
12,B,67,44.83
12,B,68,39.57
12,B,69,44.42
12,B,70,28.94
12,B,71,37.39
12,B,72,36.61
13,A,1,48.43
13,A,2,35.4
13,A,3,47.68
13,A,4,46.64
13,A,5,49.42
13,A,6,42.96
13,A,7,25.19
13,A,8,44.79
13,A,9,39.76
13,A,10,34.73
13,A,11,40.99
13,A,12,45.38
13,A,13,57.24
13,A,14,46.41
13,A,15,40.57
13,A,16,40.26
13,A,17,41.79
13,A,18,49.12
13,A,19,40.81
13,A,20,43.91
13,A,21,50.88
13,A,22,45.47
13,B,23,44.99
13,B,24,30.31
13,B,25,42.32
13,B,26,38.62
13,B,27,30.31
13,B,28,38.15
13,B,29,36.2
13,B,30,39.17
13,B,31,43.03
13,B,32,40.32
13,B,33,34.29
13,B,34,32.36
13,B,35,37.4
13,B,36,36.85
13,B,37,41.15
13,B,38,34.18
13,B,39,33.4
13,B,40,41.23
13,B,41,35.38
13,B,42,43.7
13,B,43,39.2
13,B,44,41.53
14,A,1,46.29
14,A,2,51.75
14,A,3,50.61
14,A,4,46.94
14,A,5,52.96
14,A,6,42.14
14,A,7,39.05
14,A,8,48.24
14,A,9,46
14,A,10,33.33
14,A,11,42.65
14,A,12,44.41
14,A,13,39.7
14,A,14,39.01
14,A,15,28.42
14,A,16,41.39
14,A,17,39.85
14,A,18,54.46
14,A,19,40.57
14,A,20,46.41
14,A,21,46.03
14,A,22,47.14
14,A,23,42.31
14,A,24,48.78
14,A,25,39.54
14,A,26,42.08
14,A,27,49.76
14,A,28,43.61
14,A,29,46.01
14,A,30,45.05
14,A,31,52.89
14,A,32,53.91
14,A,33,52.23
14,A,34,39.23
14,B,35,52.98
14,B,36,40.76
14,B,37,43.02
14,B,38,40.74
14,B,39,42.31
14,B,40,42.9
14,B,41,37.39
14,B,42,50.22
14,B,43,30.73
14,B,44,38.48
14,B,45,40.21
14,B,46,52.01
14,B,47,42.22
14,B,48,35
14,B,49,40.44
14,B,50,53.36
14,B,51,34.06
14,B,52,36.13
14,B,53,38.61
14,B,54,37.99
14,B,55,40.87
14,B,56,45.52
14,B,57,36.97
14,B,58,43.75
14,B,59,40.23
14,B,60,43.42
14,B,61,36.83
14,B,62,37.76
14,B,63,39.03
14,B,64,42.94
14,B,65,37.37
14,B,66,45.79
14,B,67,41.49
14,B,68,36.87
15,A,1,35.25
15,A,2,34.9
15,A,3,41.08
15,A,4,48.17
15,A,5,41.08
15,A,6,46.6
15,A,7,33.79
15,A,8,32.48
15,A,9,48.01
15,A,10,45.73
15,A,11,38.41
15,A,12,36.34
15,A,13,35.19
15,A,14,43.84
15,A,15,41.51
15,A,16,44.24
15,A,17,53.06
15,A,18,40.88
15,A,19,42.93
15,A,20,41.29
15,A,21,42.96
15,A,22,48.85
15,A,23,37.39
15,A,24,36.67
15,A,25,39.34
15,A,26,31.8
15,A,27,40.85
15,A,28,40.3
15,A,29,41.09
15,A,30,33.37
15,B,31,36.02
15,B,32,38.29
15,B,33,36.81
15,B,34,36.51
15,B,35,42.65
15,B,36,27.8
15,B,37,38.33
15,B,38,37.9
15,B,39,36.34
15,B,40,42.19
15,B,41,34.36
15,B,42,31.74
15,B,43,39.16
15,B,44,53.01
15,B,45,46.54
15,B,46,41.84
15,B,47,35.71
15,B,48,44
15,B,49,39.38
15,B,50,39.25
15,B,51,30.65
15,B,52,41.09
15,B,53,37.51
15,B,54,37.55
15,B,55,41.21
15,B,56,34.52
15,B,57,38.47
15,B,58,35.63
15,B,59,38.44
15,B,60,31.66
16,A,1,37.41
16,A,2,38.73
16,A,3,40.7
16,A,4,37.56
16,A,5,40.04
16,A,6,31.91
16,A,7,29.85
16,A,8,43.37
16,A,9,34.37
16,A,10,40.21
16,A,11,43.45
16,A,12,41.95
16,A,13,28.8
16,A,14,43.85
16,A,15,39.01
16,A,16,40.32
16,A,17,46.48
16,A,18,35.29
16,A,19,39.89
16,A,20,37.37
16,A,21,37.95
16,A,22,33.92
16,A,23,35.75
16,A,24,30.8
16,B,25,28.86
16,B,26,39.31
16,B,27,35.96
16,B,28,31.94
16,B,29,30.72
16,B,30,45.99
16,B,31,42.85
16,B,32,36.3
16,B,33,25.3
16,B,34,44.06
16,B,35,32.09
16,B,36,33.64
16,B,37,36.7
16,B,38,30.17
16,B,39,25.65
16,B,40,33.67
16,B,41,26.45
16,B,42,37.91
16,B,43,31
16,B,44,40.62
16,B,45,28.37
16,B,46,35.14
16,B,47,35.49
16,B,48,27.28
17,A,1,52.35
17,A,2,44.26
17,A,3,48.38
17,A,4,48.41
17,A,5,46.34
17,A,6,49.46
17,A,7,46.6
17,A,8,46.58
17,A,9,38.97
17,A,10,52.16
17,A,11,49.21
17,A,12,44.14
17,A,13,41
17,A,14,47.03
17,A,15,51.82
17,A,16,49.77
17,A,17,55.66
17,A,18,44.07
17,B,19,38.75
17,B,20,43.23
17,B,21,44.46
17,B,22,46.46
17,B,23,46.67
17,B,24,39.02
17,B,25,33.41
17,B,26,43.22
17,B,27,40.65
17,B,28,47.36
17,B,29,42.74
17,B,30,43.57
17,B,31,40
17,B,32,47.59
17,B,33,43.04
17,B,34,48.97
17,B,35,36.45
17,B,36,45.41
18,A,1,42.41
18,A,2,50.9
18,A,3,45.18
18,A,4,45.18
18,A,5,55.18
18,A,6,49.45
18,A,7,40.22
18,A,8,45.33
18,A,9,37.49
18,A,10,50.17
18,A,11,47.12
18,A,12,48.09
18,A,13,48.82
18,A,14,37.96
18,A,15,50.48
18,A,16,43.27
18,A,17,49.49
18,A,18,45.39
18,A,19,56.57
18,A,20,42.25
18,A,21,50.67
18,A,22,40.2
18,A,23,51.11
18,A,24,42.66
18,A,25,55.54
18,A,26,41.58
18,A,27,48.97
18,A,28,35.88
18,B,29,38.99
18,B,30,46.34
18,B,31,37.38
18,B,32,35.76
18,B,33,36.59
18,B,34,40.97
18,B,35,41.64
18,B,36,34.11
18,B,37,50.77
18,B,38,49.52
18,B,39,44.51
18,B,40,38.59
18,B,41,38.72
18,B,42,43.88
18,B,43,41.8
18,B,44,42.18
18,B,45,33.66
18,B,46,43.65
18,B,47,43.06
18,B,48,35.6
18,B,49,34.32
18,B,50,42.38
18,B,51,39.94
18,B,52,40.81
18,B,53,40.42
18,B,54,38.44
18,B,55,44.14
18,B,56,46.1
19,A,1,43.14
19,A,2,40.23
19,A,3,46.7
19,A,4,47.53
19,A,5,32.47
19,A,6,43.91
19,A,7,34.02
19,A,8,44.7
19,A,9,38.64
19,A,10,46.6
19,A,11,37.2
19,A,12,44.86
19,A,13,38.59
19,A,14,49.75
19,A,15,42.37
19,A,16,44.18
19,A,17,49.11
19,A,18,42.32
19,A,19,39.88
19,A,20,50.5
19,A,21,45.28
19,A,22,43.15
19,A,23,38.3
19,A,24,41.29
19,A,25,47.03
19,A,26,40.42
19,A,27,43.55
19,A,28,40.97
19,A,29,40.77
19,A,30,50.37
19,A,31,52.44
19,A,32,37.49
19,A,33,39.29
19,A,34,44.62
19,A,35,40.74
19,A,36,40.17
19,A,37,35.82
19,A,38,49.31
19,B,39,37.03
19,B,40,33.12
19,B,41,37.43
19,B,42,29.33
19,B,43,32.27
19,B,44,42.47
19,B,45,38.87
19,B,46,39.6
19,B,47,37.66
19,B,48,34.62
19,B,49,41.66
19,B,50,35.84
19,B,51,37.2
19,B,52,36.56
19,B,53,40.81
19,B,54,43.58
19,B,55,30.78
19,B,56,39.72
19,B,57,35.67
19,B,58,42.14
19,B,59,37.81
19,B,60,41.17
19,B,61,41.26
19,B,62,32.16
19,B,63,34.44
19,B,64,30.31
19,B,65,36.85
19,B,66,30.77
19,B,67,38.48
19,B,68,32.44
19,B,69,39.17
19,B,70,34.14
19,B,71,32.07
19,B,72,29.37
19,B,73,23.87
19,B,74,39.71
19,B,75,47.95
19,B,76,30.36
20,A,1,39.46
20,A,2,40.08
20,A,3,37.01
20,A,4,40.51
20,A,5,34.19
20,A,6,44.05
20,A,7,36.07
20,A,8,38.43
20,A,9,44.3
20,A,10,37.19
20,A,11,44.61
20,A,12,36.48
20,A,13,32.09
20,A,14,45.79
20,A,15,37.54
20,A,16,35.67
20,B,17,42.23
20,B,18,35.53
20,B,19,34.91
20,B,20,45.72
20,B,21,37.5
20,B,22,35.9
20,B,23,37.2
20,B,24,30.08
20,B,25,42.32
20,B,26,43.43
20,B,27,39.09
20,B,28,33.31
20,B,29,36.03
20,B,30,39.31
20,B,31,27.44
20,B,32,39.8
21,A,1,45.51
21,A,2,41.66
21,A,3,44.34
21,A,4,35.96
21,A,5,35.85
21,A,6,50.46
21,A,7,38.41
21,A,8,39.41
21,A,9,40.18
21,A,10,53.43
21,A,11,36.16
21,A,12,36.81
21,A,13,37.83
21,A,14,38.98
21,A,15,41.17
21,A,16,30.52
21,A,17,40.65
21,A,18,41.5
21,A,19,32.45
21,A,20,50.56
21,A,21,48.22
21,A,22,42.84
21,A,23,48.32
21,A,24,42.19
21,A,25,52.77
21,A,26,39.72
21,A,27,39.29
21,A,28,42.56
21,A,29,39.83
21,A,30,43.37
21,A,31,45.23
21,A,32,44.41
21,A,33,38.85
21,A,34,46.65
21,A,35,44.72
21,A,36,51.59
21,A,37,38.36
21,A,38,45.29
21,A,39,36.6
21,A,40,35.18
21,B,41,34.94
21,B,42,38.11
21,B,43,37.27
21,B,44,33.74
21,B,45,29.61
21,B,46,36.13
21,B,47,33.75
21,B,48,41.3
21,B,49,42.97
21,B,50,44.01
21,B,51,40.21
21,B,52,32.92
21,B,53,34.09
21,B,54,43.76
21,B,55,36.24
21,B,56,32.58
21,B,57,46.1
21,B,58,37.43
21,B,59,36.29
21,B,60,32.72
21,B,61,39.13
21,B,62,40.06
21,B,63,35.87
21,B,64,33.74
21,B,65,35.69
21,B,66,29.79
21,B,67,41.82
21,B,68,33.65
21,B,69,40.78
21,B,70,40.08
21,B,71,43.54
21,B,72,44.27
21,B,73,38.36
21,B,74,33.59
21,B,75,27.92
21,B,76,37
21,B,77,47.38
21,B,78,33.33
21,B,79,32.88
21,B,80,38.51
22,A,1,52.82
22,A,2,40.86
22,A,3,37.41
22,A,4,33.55
22,A,5,41.95
22,A,6,49.88
22,A,7,44.99
22,A,8,39.34
22,A,9,44.5
22,A,10,45.63
22,A,11,41.51
22,A,12,40.78
22,A,13,33.25
22,A,14,54.1
22,A,15,45.04
22,A,16,42.54
22,A,17,41.29
22,A,18,44.74
22,A,19,42.23
22,A,20,43.94
22,A,21,41.86
22,A,22,44.57
22,A,23,46
22,A,24,55.38
22,A,25,50.03
22,A,26,35.33
22,A,27,42.25
22,A,28,44.11
22,A,29,39.02
22,A,30,43.37
22,A,31,41.85
22,A,32,42.71
22,A,33,42.93
22,A,34,37.87
22,B,35,42.62
22,B,36,40.16
22,B,37,40.11
22,B,38,36
22,B,39,40.44
22,B,40,41.67
22,B,41,41.05
22,B,42,34.44
22,B,43,39.38
22,B,44,37.36
22,B,45,48.99
22,B,46,36.43
22,B,47,50.4
22,B,48,39.3
22,B,49,38.3
22,B,50,47.3
22,B,51,55.46
22,B,52,37.25
22,B,53,44.23
22,B,54,42.5
22,B,55,37.53
22,B,56,42.02
22,B,57,37.63
22,B,58,47.54
22,B,59,36.86
22,B,60,42.77
22,B,61,34.34
22,B,62,36.44
22,B,63,47.79
22,B,64,47.2
22,B,65,42.15
22,B,66,45.26
22,B,67,45.24
22,B,68,43.32
23,A,1,53.37
23,A,2,45.46
23,A,3,40.35
23,A,4,48.24
23,A,5,42.91
23,A,6,52.18
23,A,7,35.92
23,A,8,45.61
23,A,9,31.2
23,A,10,45.53
23,A,11,46.99
23,A,12,41.93
23,A,13,47.23
23,A,14,44.52
23,A,15,41.62
23,A,16,47.77
23,A,17,43.34
23,A,18,47.96
23,A,19,43.8
23,A,20,47.58
23,A,21,39.31
23,A,22,47.57
23,A,23,46.42
23,A,24,49.18
23,A,25,52.05
23,A,26,52.25
23,A,27,44.85
23,A,28,34.4
23,A,29,38.28
23,A,30,42.7
23,A,31,43.46
23,A,32,45.66
23,A,33,52.54
23,A,34,35.14
23,B,35,38.98
23,B,36,42.8
23,B,37,54.11
23,B,38,32.84
23,B,39,44.08
23,B,40,41.29
23,B,41,43.31
23,B,42,32.83
23,B,43,40.95
23,B,44,38.7
23,B,45,31.71
23,B,46,39.2
23,B,47,42.56
23,B,48,42.59
23,B,49,39.32
23,B,50,43.25
23,B,51,44.25
23,B,52,38.16
23,B,53,44.51
23,B,54,37.79
23,B,55,41.63
23,B,56,37.8
23,B,57,42.14
23,B,58,43.8
23,B,59,33.8
23,B,60,43.16
23,B,61,40.62
23,B,62,39.83
23,B,63,44.12
23,B,64,40.11
23,B,65,33.67
23,B,66,31.74
23,B,67,35.93
23,B,68,49.92
24,A,1,33.73
24,A,2,38.57
24,A,3,32.58
24,A,4,38.57
24,A,5,33.69
24,A,6,35.36
24,A,7,48.49
24,A,8,38.19
24,A,9,41.23
24,A,10,35.63
24,A,11,45.21
24,A,12,39.69
24,A,13,43.51
24,A,14,47.86
24,A,15,39.14
24,A,16,36.99
24,A,17,37.66
24,A,18,40.27
24,A,19,46.78
24,A,20,40.58
24,A,21,49.11
24,A,22,41.51
24,A,23,43.11
24,A,24,34.79
24,A,25,39.51
24,A,26,34.82
24,A,27,46.54
24,A,28,35.79
24,A,29,45.22
24,A,30,47.56
24,A,31,46.04
24,A,32,45.77
24,B,33,45.6
24,B,34,38.68
24,B,35,29.48
24,B,36,32.97
24,B,37,44.51
24,B,38,48.68
24,B,39,38.56
24,B,40,37.32
24,B,41,34.3
24,B,42,49.13
24,B,43,39.43
24,B,44,44.24
24,B,45,35.22
24,B,46,39.95
24,B,47,46.98
24,B,48,36.93
24,B,49,37.03
24,B,50,32.27
24,B,51,37.31
24,B,52,48.28
24,B,53,38.77
24,B,54,44.3
24,B,55,44.59
24,B,56,45.82
24,B,57,33.96
24,B,58,40.94
24,B,59,41.14
24,B,60,42.41
24,B,61,38.69
24,B,62,43.01
24,B,63,47.45
24,B,64,39.65
25,A,1,40.2
25,A,2,53.59
25,A,3,45.49
25,A,4,45.31
25,A,5,45.58
25,A,6,55.16
25,A,7,50.97
25,A,8,43.16
25,A,9,50.67
25,A,10,49.56
25,A,11,45.32
25,A,12,59.63
25,A,13,42.07
25,A,14,39.71
25,A,15,42.62
25,A,16,43.04
25,A,17,57.13
25,A,18,46.59
25,A,19,46.53
25,A,20,49.64
25,A,21,58.57
25,A,22,40.32
25,A,23,40.74
25,A,24,50.95
25,A,25,45.9
25,A,26,38.88
25,A,27,44.48
25,A,28,51.83
25,A,29,50.82
25,A,30,51.39
25,A,31,49.86
25,A,32,42.61
25,A,33,51.22
25,A,34,48.56
25,A,35,48.52
25,A,36,39.51
25,A,37,38.37
25,A,38,42.66
25,A,39,52.67
25,A,40,42.73
25,B,41,38.57
25,B,42,40.63
25,B,43,32.54
25,B,44,44.72
25,B,45,46.09
25,B,46,38.47
25,B,47,36.06
25,B,48,39.12
25,B,49,40.31
25,B,50,46.02
25,B,51,35.53
25,B,52,52.36
25,B,53,47.9
25,B,54,35.88
25,B,55,40.46
25,B,56,38.82
25,B,57,39.04
25,B,58,43.7
25,B,59,37.33
25,B,60,46.26
25,B,61,41.47
25,B,62,41.87
25,B,63,41.21
25,B,64,43.13
25,B,65,46.07
25,B,66,42.4
25,B,67,41.9
25,B,68,47.05
25,B,69,41.26
25,B,70,33.15
25,B,71,35.87
25,B,72,42.88
25,B,73,41.99
25,B,74,39.14
25,B,75,46.54
25,B,76,39.66
25,B,77,37.86
25,B,78,42
25,B,79,43.64
25,B,80,37.65
26,A,1,41.13
26,A,2,39
26,A,3,40.31
26,A,4,44.9
26,A,5,46.73
26,A,6,35.12
26,A,7,43.88
26,A,8,43.5
26,A,9,39.99
26,A,10,33.97
26,A,11,32.35
26,A,12,45.51
26,A,13,46.31
26,A,14,33.73
26,A,15,44.37
26,A,16,46.96
26,A,17,51.76
26,A,18,33.83
26,B,19,28.95
26,B,20,35.92
26,B,21,36.06
26,B,22,33.71
26,B,23,39.49
26,B,24,41.89
26,B,25,47.79
26,B,26,24.15
26,B,27,38.16
26,B,28,33.93
26,B,29,39.15
26,B,30,46.39
26,B,31,37.89
26,B,32,40.13
26,B,33,36.04
26,B,34,39.09
26,B,35,42.66
26,B,36,40.05
27,A,1,45.24
27,A,2,31.45
27,A,3,32.24
27,A,4,39.16
27,A,5,35.88
27,A,6,36.72
27,A,7,35.1
27,A,8,48.44
27,A,9,43.34
27,A,10,43.67
27,A,11,43.16
27,A,12,40.47
27,A,13,33.72
27,A,14,35.12
27,A,15,41.1
27,A,16,37.46
27,A,17,25.76
27,A,18,38.24
27,A,19,38.28
27,A,20,37.25
27,A,21,43.52
27,A,22,32
27,A,23,44.77
27,A,24,34.35
27,A,25,53.4
27,A,26,41.8
27,A,27,45.12
27,A,28,43.01
27,A,29,36.21
27,A,30,36.71
27,A,31,39.38
27,A,32,43.31
27,B,33,35.27
27,B,34,36.16
27,B,35,34.54
27,B,36,35.52
27,B,37,31.64
27,B,38,36.88
27,B,39,35.27
27,B,40,35.45
27,B,41,38.21
27,B,42,46.9
27,B,43,39.92
27,B,44,39.19
27,B,45,39.64
27,B,46,41.25
27,B,47,30.07
27,B,48,32.03
27,B,49,25.49
27,B,50,34.27
27,B,51,37.55
27,B,52,38.83
27,B,53,42.47
27,B,54,34.47
27,B,55,38.36
27,B,56,44.69
27,B,57,39.04
27,B,58,40.55
27,B,59,36.44
27,B,60,37.42
27,B,61,35.91
27,B,62,39.51
27,B,63,38.47
27,B,64,37.9
28,A,1,44.59
28,A,2,39.5
28,A,3,37.03
28,A,4,51.07
28,A,5,36.75
28,A,6,50.98
28,A,7,46.64
28,A,8,35.95
28,A,9,44.88
28,A,10,40.44
28,A,11,40.85
28,A,12,43.97
28,A,13,42.17
28,A,14,50.97
28,A,15,43.88
28,A,16,45.48
28,A,17,47.2
28,A,18,43.67
28,B,19,28.67
28,B,20,37.12
28,B,21,40.08
28,B,22,38.45
28,B,23,37.7
28,B,24,33.92
28,B,25,38.04
28,B,26,44.47
28,B,27,29.69
28,B,28,42.41
28,B,29,34.68
28,B,30,46.64
28,B,31,46.1
28,B,32,33.71
28,B,33,34.7
28,B,34,40.75
28,B,35,37.1
28,B,36,39.78
29,A,1,48.37
29,A,2,53.04
29,A,3,51.64
29,A,4,32.99
29,A,5,42.38
29,A,6,49.14
29,A,7,43.29
29,A,8,49.34
29,A,9,55.56
29,A,10,46.33
29,A,11,44.14
29,A,12,45.25
29,A,13,50.65
29,A,14,36.87
29,A,15,53.04
29,A,16,42.44
29,A,17,39.8
29,A,18,51.6
29,A,19,47.83
29,A,20,53.24
29,A,21,48.55
29,A,22,56.67
29,A,23,53.92
29,A,24,51.84
29,A,25,53.22
29,A,26,46.67
29,A,27,55.84
29,A,28,55.49
29,A,29,46.74
29,A,30,44.97
29,A,31,51.42
29,A,32,45.82
29,A,33,50.34
29,A,34,48.78
29,B,35,38.05
29,B,36,42.28
29,B,37,44.01
29,B,38,47.64
29,B,39,41.35
29,B,40,47.05
29,B,41,42.38
29,B,42,45.14
29,B,43,39.24
29,B,44,41.61
29,B,45,45.84
29,B,46,47.65
29,B,47,36.88
29,B,48,51.28
29,B,49,52.17
29,B,50,36.55
29,B,51,42.08
29,B,52,43.41
29,B,53,48.01
29,B,54,37.11
29,B,55,47.01
29,B,56,50.36
29,B,57,43.26
29,B,58,45.27
29,B,59,42.87
29,B,60,38.51
29,B,61,43.35
29,B,62,40.32
29,B,63,42
29,B,64,46.1
29,B,65,38.8
29,B,66,35.29
29,B,67,42.81
29,B,68,37.83
30,A,1,50.89
30,A,2,43.9
30,A,3,43.26
30,A,4,44.03
30,A,5,37.32
30,A,6,43.68
30,A,7,41.49
30,A,8,45.19
30,A,9,45.32
30,A,10,42.74
30,A,11,32.85
30,A,12,36.38
30,A,13,45.45
30,A,14,44.2
30,A,15,34.56
30,A,16,45.52
30,A,17,37.57
30,A,18,42.04
30,A,19,41.66
30,A,20,37.67
30,A,21,51.65
30,A,22,35.74
30,A,23,44.11
30,A,24,38.42
30,A,25,52.06
30,A,26,47.61
30,A,27,46.97
30,A,28,39.59
30,A,29,43.15
30,A,30,49.94
30,A,31,39.47
30,A,32,49.37
30,A,33,43.8
30,A,34,39.96
30,A,35,49.21
30,A,36,45.42
30,B,37,33.48
30,B,38,36.34
30,B,39,37.38
30,B,40,34.2
30,B,41,35.06
30,B,42,40.41
30,B,43,34.07
30,B,44,40.97
30,B,45,35.49
30,B,46,35.22
30,B,47,38.87
30,B,48,33.9
30,B,49,37.32
30,B,50,37.27
30,B,51,39.05
30,B,52,33.42
30,B,53,30.23
30,B,54,36.8
30,B,55,36.38
30,B,56,42.68
30,B,57,39.23
30,B,58,28.25
30,B,59,36.24
30,B,60,36.46
30,B,61,22.43
30,B,62,37.04
30,B,63,42.36
30,B,64,36.72
30,B,65,33.07
30,B,66,32.19
30,B,67,35.44
30,B,68,29.5
30,B,69,40.93
30,B,70,35.33
30,B,71,44.08
30,B,72,35.33
31,A,1,47.77
31,A,2,44.41
31,A,3,44.63
31,A,4,39.44
31,A,5,50.07
31,A,6,51.06
31,A,7,38.76
31,A,8,40.22
31,A,9,40.46
31,A,10,43.87
31,A,11,38.93
31,A,12,42.25
31,A,13,38.44
31,A,14,44.67
31,A,15,36.07
31,A,16,47.19
31,A,17,50.52
31,A,18,39.66
31,A,19,50.2
31,A,20,42.91
31,A,21,52.24
31,A,22,46.69
31,A,23,44.3
31,A,24,40.65
31,A,25,41.78
31,A,26,42.53
31,A,27,39.98
31,A,28,48.34
31,A,29,43.17
31,A,30,39.5
31,A,31,41.57
31,A,32,41.87
31,A,33,42.63
31,A,34,42.7
31,A,35,49.28
31,A,36,41.41
31,B,37,40.09
31,B,38,38.98
31,B,39,37.86
31,B,40,34.07
31,B,41,46.04
31,B,42,34.01
31,B,43,46.65
31,B,44,38.69
31,B,45,49.23
31,B,46,35.86
31,B,47,29.62
31,B,48,47.82
31,B,49,37.95
31,B,50,39.13
31,B,51,40.85
31,B,52,41.29
31,B,53,40.24
31,B,54,36.25
31,B,55,36.81
31,B,56,35.31
31,B,57,37.16
31,B,58,34.79
31,B,59,44.11
31,B,60,33.55
31,B,61,44.95
31,B,62,29
31,B,63,40.18
31,B,64,43.72
31,B,65,39.87
31,B,66,38.19
31,B,67,43
31,B,68,45.54
31,B,69,41.96
31,B,70,51.33
31,B,71,40.53
31,B,72,36.65
32,A,1,46.72
32,A,2,48.35
32,A,3,36.92
32,A,4,41.08
32,A,5,33.53
32,A,6,34.86
32,A,7,29.25
32,A,8,45.24
32,A,9,39.86
32,A,10,41.14
32,A,11,43.12
32,A,12,37.13
32,A,13,37.7
32,A,14,36.92
32,A,15,37.7
32,A,16,44.05
32,A,17,46.06
32,A,18,42.62
32,A,19,42.24
32,A,20,38.34
32,A,21,39.37
32,A,22,40.31
32,A,23,44.29
32,A,24,36.15
32,A,25,36.98
32,A,26,31.61
32,A,27,37.17
32,A,28,41.45
32,B,29,31.7
32,B,30,32.92
32,B,31,38.94
32,B,32,38.97
32,B,33,34.5
32,B,34,39.95
32,B,35,27.09
32,B,36,42.76
32,B,37,33.41
32,B,38,27.82
32,B,39,35.21
32,B,40,31.31
32,B,41,38.08
32,B,42,43.51
32,B,43,38.16
32,B,44,36.12
32,B,45,30.77
32,B,46,28.87
32,B,47,39.97
32,B,48,28.68
32,B,49,38.8
32,B,50,33.97
32,B,51,37.6
32,B,52,30.44
32,B,53,29.82
32,B,54,35.03
32,B,55,37.83
32,B,56,41.76
33,A,1,49.82
33,A,2,46.46
33,A,3,52.07
33,A,4,45.16
33,A,5,46.14
33,A,6,38.81
33,A,7,49.1
33,A,8,41.67
33,A,9,43.28
33,A,10,44.86
33,A,11,36.47
33,A,12,41.88
33,A,13,41.54
33,A,14,47.54
33,A,15,42.14
33,A,16,46.96
33,A,17,44.82
33,A,18,40.97
33,A,19,47.75
33,A,20,48.25
33,A,21,42.86
33,A,22,44.99
33,A,23,42.94
33,A,24,43
33,B,25,37.06
33,B,26,32.77
33,B,27,34.79
33,B,28,42.52
33,B,29,40.03
33,B,30,38.8
33,B,31,36.47
33,B,32,32.37
33,B,33,36.08
33,B,34,32.12
33,B,35,41.89
33,B,36,40.21
33,B,37,42.56
33,B,38,42.42
33,B,39,33.44
33,B,40,39.8
33,B,41,47.48
33,B,42,38.97
33,B,43,37.41
33,B,44,33.26
33,B,45,41.28
33,B,46,40.75
33,B,47,41.33
33,B,48,34.12
34,A,1,39.27
34,A,2,45.92
34,A,3,46.8
34,A,4,43.46
34,A,5,51.07
34,A,6,44.05
34,A,7,56.84
34,A,8,41.61
34,A,9,39.57
34,A,10,47.1
34,A,11,30.07
34,A,12,47.76
34,A,13,54.48
34,A,14,38.81
34,A,15,50.93
34,A,16,43.42
34,A,17,45.1
34,A,18,52.75
34,A,19,46.01
34,A,20,45.93
34,A,21,35.4
34,A,22,38.04
34,A,23,38.58
34,A,24,48.69
34,A,25,43.58
34,A,26,50.43
34,A,27,49.76
34,A,28,40.18
34,A,29,37.32
34,A,30,39.98
34,A,31,46.48
34,A,32,41.15
34,A,33,41.12
34,A,34,36.99
34,A,35,46.47
34,A,36,52.79
34,A,37,48.47
34,A,38,45.98
34,B,39,37.37
34,B,40,48.43
34,B,41,36.98
34,B,42,42.05
34,B,43,29.96
34,B,44,32.46
34,B,45,33.81
34,B,46,36.89
34,B,47,48.98
34,B,48,34.68
34,B,49,34.69
34,B,50,41.66
34,B,51,38.44
34,B,52,36.42
34,B,53,36.99
34,B,54,35.31
34,B,55,30.86
34,B,56,47.49
34,B,57,43.29
34,B,58,37.45
34,B,59,42.15
34,B,60,26.81
34,B,61,44.45
34,B,62,40.2
34,B,63,37.55
34,B,64,33.88
34,B,65,34.91
34,B,66,39.68
34,B,67,34.19
34,B,68,38.8
34,B,69,35.49
34,B,70,44.53
34,B,71,43.02
34,B,72,38.87
34,B,73,43.85
34,B,74,32.39
34,B,75,33.79
34,B,76,32.15
35,A,1,36.73
35,A,2,34.4
35,A,3,37.35
35,A,4,46.67
35,A,5,42.26
35,A,6,40.28
35,A,7,44.63
35,A,8,43.59
35,A,9,43.91
35,A,10,37.49
35,A,11,39.85
35,A,12,50.05
35,A,13,38.99
35,A,14,48.76
35,A,15,41.71
35,A,16,39.07
35,A,17,42.81
35,A,18,52.33
35,B,19,33.8
35,B,20,31.04
35,B,21,31.59
35,B,22,28.72
35,B,23,30.57
35,B,24,36.24
35,B,25,32.08
35,B,26,29.4
35,B,27,37.9
35,B,28,33.98
35,B,29,31.49
35,B,30,31.77
35,B,31,30.6
35,B,32,37.73
35,B,33,39.61
35,B,34,38.4
35,B,35,42.13
35,B,36,24.94
36,A,1,36.49
36,A,2,52.45
36,A,3,41.89
36,A,4,43.24
36,A,5,39.19
36,A,6,47.76
36,A,7,37.65
36,A,8,43.73
36,A,9,50.37
36,A,10,45.18
36,A,11,39.88
36,A,12,45.48
36,A,13,46.68
36,A,14,36.08
36,A,15,41.94
36,A,16,42.29
36,A,17,39.86
36,A,18,46.67
36,A,19,40.23
36,A,20,38.37
36,A,21,48.91
36,A,22,42.76
36,B,23,42.49
36,B,24,47.74
36,B,25,33.36
36,B,26,37.52
36,B,27,36.65
36,B,28,37.75
36,B,29,40.38
36,B,30,47.58
36,B,31,46.14
36,B,32,41.29
36,B,33,42.07
36,B,34,35.93
36,B,35,37.01
36,B,36,39.61
36,B,37,39.38
36,B,38,38.8
36,B,39,32.64
36,B,40,31.76
36,B,41,41
36,B,42,41.25
36,B,43,40.27
36,B,44,40.67
37,A,1,41.13
37,A,2,45.73
37,A,3,42.15
37,A,4,51.7
37,A,5,45
37,A,6,44.85
37,A,7,35.09
37,A,8,51.92
37,A,9,34.37
37,A,10,45.66
37,A,11,45.63
37,A,12,50.48
37,A,13,43.55
37,A,14,38.4
37,A,15,40.2
37,A,16,44.22
37,A,17,35.28
37,A,18,47.11
37,A,19,47.03
37,A,20,48.29
37,A,21,49.88
37,A,22,37.22
37,A,23,48.66
37,A,24,38.04
37,A,25,36.24
37,A,26,51.6
37,A,27,40.66
37,A,28,35.18
37,B,29,39.75
37,B,30,49.47
37,B,31,43.77
37,B,32,36.16
37,B,33,45.46
37,B,34,39.59
37,B,35,30.16
37,B,36,35.31
37,B,37,33.11
37,B,38,40.43
37,B,39,43.24
37,B,40,42.05
37,B,41,40.49
37,B,42,41.18
37,B,43,42.36
37,B,44,38.91
37,B,45,41.29
37,B,46,37.43
37,B,47,44.71
37,B,48,38.02
37,B,49,39.91
37,B,50,31.79
37,B,51,42.03
37,B,52,44.14
37,B,53,48.23
37,B,54,34.44
37,B,55,42.31
37,B,56,43.44
38,A,1,49.85
38,A,2,40.56
38,A,3,48.72
38,A,4,44.24
38,A,5,43.03
38,A,6,45.23
38,A,7,45.33
38,A,8,37.08
38,A,9,40.17
38,A,10,42.41
38,A,11,45.95
38,A,12,42.02
38,A,13,44.63
38,A,14,44.03
38,A,15,45.15
38,A,16,45.9
38,A,17,42.16
38,A,18,45.64
38,A,19,46.06
38,A,20,39.07
38,A,21,46.72
38,A,22,40.46
38,A,23,40.99
38,A,24,44.99
38,A,25,50.6
38,A,26,38.7
38,B,27,45.85
38,B,28,41.06
38,B,29,44.58
38,B,30,44.2
38,B,31,47.87
38,B,32,41.75
38,B,33,46.5
38,B,34,38.95
38,B,35,31.61
38,B,36,38.68
38,B,37,38.66
38,B,38,40.1
38,B,39,35.48
38,B,40,39.74
38,B,41,34.88
38,B,42,32.81
38,B,43,39.39
38,B,44,34.95
38,B,45,48.18
38,B,46,38.6
38,B,47,38.24
38,B,48,39.4
38,B,49,41.48
38,B,50,35.9
38,B,51,44.55
38,B,52,40.99
39,A,1,36.01
39,A,2,40.64
39,A,3,42.78
39,A,4,45.61
39,A,5,40.1
39,A,6,40.48
39,A,7,48.53
39,A,8,48.87
39,A,9,44.83
39,A,10,45.54
39,A,11,47.2
39,A,12,44.05
39,A,13,39.68
39,A,14,48.94
39,A,15,49.31
39,A,16,48.98
39,A,17,43.97
39,A,18,37.98
39,A,19,46.09
39,A,20,49.2
39,A,21,41.08
39,A,22,47.58
39,A,23,33.38
39,A,24,39.24
39,A,25,44.34
39,A,26,42.09
39,A,27,48.48
39,A,28,45.84
39,B,29,35.24
39,B,30,38.59
39,B,31,42.88
39,B,32,32.64
39,B,33,39.65
39,B,34,44.6
39,B,35,34.01
39,B,36,39.04
39,B,37,38.66
39,B,38,37.49
39,B,39,42.14
39,B,40,45
39,B,41,38.57
39,B,42,37.9
39,B,43,33.11
39,B,44,33.7
39,B,45,30.84
39,B,46,47.58
39,B,47,39.52
39,B,48,44.6
39,B,49,37.17
39,B,50,41.07
39,B,51,47.03
39,B,52,36.67
39,B,53,38.21
39,B,54,39.86
39,B,55,43.78
39,B,56,38.99
40,A,1,51.58
40,A,2,49.84
40,A,3,44
40,A,4,51.55
40,A,5,48.22
40,A,6,49.92
40,A,7,41.65
40,A,8,39.04
40,A,9,46.61
40,A,10,46.22
40,A,11,45.88
40,A,12,41.93
40,A,13,50.88
40,A,14,46.31
40,A,15,38.89
40,A,16,47.37
40,A,17,45.81
40,A,18,42.03
40,A,19,49.41
40,A,20,43.21
40,A,21,51.47
40,A,22,46.6
40,A,23,42.86
40,A,24,43.24
40,A,25,54.16
40,A,26,52.39
40,A,27,46.75
40,A,28,44.51
40,A,29,37.14
40,A,30,56.19
40,B,31,44.76
40,B,32,48.84
40,B,33,41.21
40,B,34,43.88
40,B,35,42.98
40,B,36,43.59
40,B,37,40.88
40,B,38,34.45
40,B,39,38.27
40,B,40,47.04
40,B,41,36.95
40,B,42,41.03
40,B,43,40.16
40,B,44,42.97
40,B,45,47.39
40,B,46,48.74
40,B,47,40.85
40,B,48,42.23
40,B,49,50.79
40,B,50,30.5
40,B,51,42.32
40,B,52,50.08
40,B,53,31.88
40,B,54,45.43
40,B,55,41.56
40,B,56,39.83
40,B,57,45.36
40,B,58,48.84
40,B,59,34.31
40,B,60,38.83
41,A,1,44.25
41,A,2,32.28
41,A,3,35.57
41,A,4,37.24
41,A,5,42.42
41,A,6,35.53
41,A,7,40.75
41,A,8,37.54
41,A,9,40.47
41,A,10,42.3
41,A,11,34.01
41,A,12,38.92
41,A,13,46.79
41,A,14,37.37
41,A,15,45.68
41,A,16,35.65
41,A,17,42.94
41,A,18,41.64
41,A,19,38.63
41,A,20,47.32
41,A,21,49.84
41,A,22,42.65
41,A,23,51.43
41,A,24,44.49
41,A,25,48.19
41,A,26,39.33
41,B,27,42.72
41,B,28,47.69
41,B,29,42.87
41,B,30,43.29
41,B,31,38.79
41,B,32,39.73
41,B,33,42.87
41,B,34,34.73
41,B,35,40.38
41,B,36,32.88
41,B,37,44.29
41,B,38,30.94
41,B,39,42.09
41,B,40,34.86
41,B,41,42.72
41,B,42,34.7
41,B,43,39.1
41,B,44,42.96
41,B,45,33.83
41,B,46,34.05
41,B,47,40.28
41,B,48,41.06
41,B,49,43.93
41,B,50,43.79
41,B,51,41.75
41,B,52,40.37
42,A,1,49.12
42,A,2,46.47
42,A,3,41.51
42,A,4,46.12
42,A,5,57.64
42,A,6,49.21
42,A,7,49.75
42,A,8,44.91
42,A,9,42.81
42,A,10,41.64
42,A,11,46.83
42,A,12,44.49
42,A,13,43.06
42,A,14,46.57
42,A,15,51.71
42,A,16,51.6
42,A,17,52.4
42,A,18,36.29
42,A,19,44.7
42,A,20,56.87
42,A,21,55.57
42,A,22,43.82
42,A,23,44.59
42,A,24,48.44
42,B,25,39.45
42,B,26,38.43
42,B,27,33.44
42,B,28,39.45
42,B,29,38.23
42,B,30,37.26
42,B,31,50.85
42,B,32,32.89
42,B,33,37.71
42,B,34,35.76
42,B,35,37.77
42,B,36,38.32
42,B,37,38.7
42,B,38,45.35
42,B,39,39.07
42,B,40,43.54
42,B,41,45.6
42,B,42,43.33
42,B,43,40.91
42,B,44,46.54
42,B,45,37.99
42,B,46,39.87
42,B,47,33.17
42,B,48,38.86
43,A,1,41.68
43,A,2,47.47
43,A,3,44.26
43,A,4,42.24
43,A,5,40.74
43,A,6,42.16
43,A,7,41.97
43,A,8,45.2
43,A,9,43.03
43,A,10,45.52
43,A,11,49.73
43,A,12,44.25
43,A,13,46.33
43,A,14,49.08
43,A,15,56.61
43,A,16,37.26
43,A,17,43.63
43,A,18,45.91
43,A,19,39.04
43,A,20,38.7
43,A,21,42.67
43,A,22,45.68
43,A,23,45.1
43,A,24,42.28
43,A,25,39.66
43,A,26,47.85
43,A,27,42.68
43,A,28,40.24
43,A,29,41.92
43,A,30,44.36
43,B,31,40.35
43,B,32,39.6
43,B,33,38.39
43,B,34,27.42
43,B,35,32.01
43,B,36,39.08
43,B,37,30.28
43,B,38,40.55
43,B,39,35.2
43,B,40,37.56
43,B,41,39.6
43,B,42,42.45
43,B,43,42.51
43,B,44,41.52
43,B,45,41.9
43,B,46,29.92
43,B,47,39.36
43,B,48,31.45
43,B,49,43.39
43,B,50,47.57
43,B,51,32.72
43,B,52,37.04
43,B,53,35.22
43,B,54,42.79
43,B,55,43.2
43,B,56,35.42
43,B,57,35.61
43,B,58,41.01
43,B,59,46.91
43,B,60,38.64
44,A,1,49.73
44,A,2,43.84
44,A,3,42.13
44,A,4,45.31
44,A,5,52.74
44,A,6,44.41
44,A,7,38.16
44,A,8,41.7
44,A,9,39.97
44,A,10,45.97
44,A,11,50.68
44,A,12,46.14
44,A,13,49.52
44,A,14,50.61
44,A,15,47.62
44,A,16,48.16
44,A,17,36.49
44,A,18,41.01
44,A,19,46.86
44,A,20,47.51
44,A,21,56.59
44,A,22,53.96
44,A,23,46.93
44,A,24,40.69
44,B,25,43.55
44,B,26,39.66
44,B,27,45.59
44,B,28,37.51
44,B,29,36.53
44,B,30,37.38
44,B,31,31.9
44,B,32,45.88
44,B,33,36.44
44,B,34,35.16
44,B,35,39.86
44,B,36,38.56
44,B,37,36.61
44,B,38,37.81
44,B,39,42.63
44,B,40,42.5
44,B,41,42.81
44,B,42,42.81
44,B,43,48.49
44,B,44,37.77
44,B,45,46.63
44,B,46,36.37
44,B,47,34.19
44,B,48,43.61
45,A,1,43.31
45,A,2,43.64
45,A,3,49.38
45,A,4,47.08
45,A,5,47.24
45,A,6,43.26
45,A,7,53.69
45,A,8,40.01
45,A,9,36.87
45,A,10,42.7
45,A,11,50.29
45,A,12,44.93
45,A,13,46.04
45,A,14,41.86
45,A,15,37.99
45,A,16,47.43
45,A,17,47.79
45,A,18,35.38
45,A,19,39.89
45,A,20,51.7
45,A,21,51.38
45,A,22,49.99
45,B,23,37.25
45,B,24,41.66
45,B,25,36.42
45,B,26,37.66
45,B,27,48.19
45,B,28,44.87
45,B,29,45.97
45,B,30,43.98
45,B,31,41.46
45,B,32,43.51
45,B,33,51.06
45,B,34,44.08
45,B,35,44.48
45,B,36,37.88
45,B,37,28.87
45,B,38,44.43
45,B,39,51.03
45,B,40,39.66
45,B,41,52.26
45,B,42,36
45,B,43,50.88
45,B,44,43.25
46,A,1,51.47
46,A,2,48.34
46,A,3,45.45
46,A,4,51.15
46,A,5,40.6
46,A,6,46.92
46,A,7,48.87
46,A,8,49.5
46,A,9,42.64
46,A,10,41.86
46,A,11,42.43
46,A,12,43.5
46,A,13,41.86
46,A,14,50.89
46,A,15,43.59
46,A,16,44.27
46,A,17,44.37
46,A,18,39.94
46,A,19,36.47
46,A,20,41.92
46,A,21,48.87
46,A,22,48.15
46,A,23,40.11
46,A,24,36.65
46,A,25,42.57
46,A,26,50.98
46,A,27,54.33
46,A,28,41.47
46,A,29,47.4
46,A,30,36.36
46,A,31,40.95
46,A,32,51.58
46,A,33,44.86
46,A,34,44.13
46,B,35,36.29
46,B,36,39.27
46,B,37,42.75
46,B,38,44.56
46,B,39,35.95
46,B,40,49.61
46,B,41,37.19
46,B,42,37.55
46,B,43,34.95
46,B,44,52.62
46,B,45,48.34
46,B,46,41.27
46,B,47,32.55
46,B,48,36.75
46,B,49,38.87
46,B,50,37.31
46,B,51,28.52
46,B,52,42.98
46,B,53,33.36
46,B,54,46.06
46,B,55,29.31
46,B,56,41.16
46,B,57,36.63
46,B,58,35.77
46,B,59,32.76
46,B,60,29.27
46,B,61,41.99
46,B,62,48.82
46,B,63,32.18
46,B,64,28.02
46,B,65,40.57
46,B,66,36.74
46,B,67,37.7
46,B,68,42.88
47,A,1,47.21
47,A,2,49.5
47,A,3,49.82
47,A,4,44.48
47,A,5,48.98
47,A,6,48.56
47,A,7,53.58
47,A,8,39.01
47,A,9,40.71
47,A,10,44.62
47,A,11,32.56
47,A,12,50.4
47,A,13,59.02
47,A,14,40.74
47,A,15,45.92
47,A,16,36.21
47,B,17,44.18
47,B,18,30.22
47,B,19,44.54
47,B,20,41.97
47,B,21,43.9
47,B,22,39.29
47,B,23,47.81
47,B,24,38.48
47,B,25,36.46
47,B,26,47.91
47,B,27,37.45
47,B,28,44.85
47,B,29,43.64
47,B,30,45.52
47,B,31,43.82
47,B,32,33.68
48,A,1,50
48,A,2,48.9
48,A,3,32.94
48,A,4,45.75
48,A,5,47
48,A,6,41.99
48,A,7,38.02
48,A,8,50.56
48,A,9,34.57
48,A,10,39.72
48,A,11,50.11
48,A,12,47.35
48,A,13,31.68
48,A,14,38.98
48,A,15,37.93
48,A,16,49.23
48,A,17,53.75
48,A,18,43.31
48,A,19,41.62
48,A,20,44.86
48,A,21,42.32
48,A,22,43.63
48,A,23,50.17
48,A,24,42.62
48,A,25,49.51
48,A,26,45.32
48,A,27,47.72
48,A,28,46.84
48,A,29,38.14
48,A,30,42.41
48,A,31,41.23
48,A,32,38.26
48,A,33,42.4
48,A,34,43.68
48,A,35,37.53
48,A,36,39.92
48,A,37,45.53
48,A,38,49.14
48,B,39,42.39
48,B,40,43.93
48,B,41,43.3
48,B,42,50.94
48,B,43,44.06
48,B,44,40.74
48,B,45,46.35
48,B,46,44.41
48,B,47,43.91
48,B,48,44.03
48,B,49,35.59
48,B,50,47.03
48,B,51,46.11
48,B,52,44.63
48,B,53,38.35
48,B,54,45.43
48,B,55,44.5
48,B,56,52.63
48,B,57,44.54
48,B,58,51.75
48,B,59,37.49
48,B,60,30.16
48,B,61,44.76
48,B,62,43.8
48,B,63,42.29
48,B,64,39.64
48,B,65,49.61
48,B,66,43.32
48,B,67,38.92
48,B,68,49.98
48,B,69,45.2
48,B,70,45.46
48,B,71,45.2
48,B,72,42.72
48,B,73,38.91
48,B,74,47.73
48,B,75,42.17
48,B,76,41
49,A,1,46.28
49,A,2,35.11
49,A,3,41.51
49,A,4,39.28
49,A,5,45.81
49,A,6,52.56
49,A,7,39.39
49,A,8,40.91
49,A,9,44.85
49,A,10,49.15
49,A,11,46.91
49,A,12,44.03
49,A,13,53.48
49,A,14,39.98
49,A,15,44.24
49,A,16,40.28
49,A,17,41.48
49,A,18,35.44
49,B,19,35.84
49,B,20,30.17
49,B,21,31.01
49,B,22,41.03
49,B,23,42.34
49,B,24,25.72
49,B,25,36.7
49,B,26,49.08
49,B,27,34.2
49,B,28,37.15
49,B,29,36.32
49,B,30,47.99
49,B,31,36.73
49,B,32,34.41
49,B,33,37.56
49,B,34,32.5
49,B,35,39.58
49,B,36,34.64
50,A,1,47.61
50,A,2,41.01
50,A,3,39.78
50,A,4,38.22
50,A,5,43.28
50,A,6,40.56
50,A,7,46.22
50,A,8,49.63
50,A,9,45.8
50,A,10,47.98
50,A,11,52.7
50,A,12,43
50,A,13,44.02
50,A,14,41.71
50,A,15,40.79
50,A,16,48.11
50,A,17,35.98
50,A,18,37.52
50,A,19,50.49
50,A,20,42.22
50,A,21,41.76
50,A,22,53.09
50,A,23,48.26
50,A,24,42.14
50,A,25,44.08
50,A,26,41.07
50,B,27,35.71
50,B,28,41.37
50,B,29,39.12
50,B,30,42.62
50,B,31,32.17
50,B,32,41.43
50,B,33,42.09
50,B,34,45.16
50,B,35,42.86
50,B,36,42.28
50,B,37,42.61
50,B,38,41.69
50,B,39,36.15
50,B,40,34.7
50,B,41,24.27
50,B,42,44.39
50,B,43,34.27
50,B,44,39.84
50,B,45,34.96
50,B,46,38.15
50,B,47,40.12
50,B,48,34.92
50,B,49,42.58
50,B,50,36.63
50,B,51,39.05
50,B,52,57.97
51,A,1,33.39
51,A,2,37.75
51,A,3,42.36
51,A,4,43.84
51,A,5,42.93
51,A,6,34
51,A,7,39.64
51,A,8,35.24
51,A,9,34.41
51,A,10,39.77
51,A,11,39.6
51,A,12,35.52
51,A,13,31.2
51,A,14,31.47
51,A,15,35.59
51,A,16,40.92
51,B,17,40
51,B,18,34.55
51,B,19,28.04
51,B,20,37.5
51,B,21,31.65
51,B,22,42.31
51,B,23,37.12
51,B,24,30.01
51,B,25,39.71
51,B,26,27.56
51,B,27,39.48
51,B,28,37.22
51,B,29,34.21
51,B,30,28.93
51,B,31,34.57
51,B,32,29.08
52,A,1,42.11
52,A,2,44.68
52,A,3,43.88
52,A,4,54.3
52,A,5,40.33
52,A,6,36.1
52,A,7,44.49
52,A,8,48.98
52,A,9,35.58
52,A,10,43.69
52,A,11,38.25
52,A,12,50
52,A,13,46.12
52,A,14,45.82
52,A,15,45.72
52,A,16,48.57
52,A,17,45.97
52,A,18,44.62
52,A,19,47.24
52,A,20,54.1
52,A,21,49.69
52,A,22,55.04
52,A,23,44.98
52,A,24,51.98
52,A,25,40.78
52,A,26,47.38
52,A,27,43.2
52,A,28,43.01
52,A,29,45.45
52,A,30,46.6
52,B,31,41.13
52,B,32,44.94
52,B,33,43.49
52,B,34,36.64
52,B,35,43.38
52,B,36,36.56
52,B,37,39.28
52,B,38,30.56
52,B,39,43.52
52,B,40,40.19
52,B,41,37.69
52,B,42,38.32
52,B,43,45.76
52,B,44,45.83
52,B,45,32.09
52,B,46,37.15
52,B,47,46.74
52,B,48,33.57
52,B,49,38.64
52,B,50,38.47
52,B,51,40.34
52,B,52,37.89
52,B,53,36.08
52,B,54,31.02
52,B,55,40.61
52,B,56,41.55
52,B,57,46.02
52,B,58,37.83
52,B,59,33.51
52,B,60,32.25
53,A,1,50.39
53,A,2,34.85
53,A,3,35.81
53,A,4,46.61
53,A,5,50.44
53,A,6,47.4
53,A,7,47.92
53,A,8,39.8
53,A,9,49.93
53,A,10,44.38
53,A,11,42.73
53,A,12,45.23
53,A,13,43.35
53,A,14,42.34
53,A,15,39.88
53,A,16,46.44
53,A,17,41.86
53,A,18,45.85
53,B,19,50.6
53,B,20,40.39
53,B,21,50.88
53,B,22,41.98
53,B,23,42.14
53,B,24,41.68
53,B,25,45.98
53,B,26,41.41
53,B,27,48.66
53,B,28,50.29
53,B,29,52.07
53,B,30,43.63
53,B,31,42.03
53,B,32,47.37
53,B,33,42.45
53,B,34,45.36
53,B,35,40.63
53,B,36,47.32
54,A,1,52.34
54,A,2,42.05
54,A,3,46.35
54,A,4,51.93
54,A,5,56.02
54,A,6,51.56
54,A,7,49.59
54,A,8,47.95
54,A,9,44.19
54,A,10,47.09
54,A,11,39.54
54,A,12,45.67
54,A,13,50.53
54,A,14,48.22
54,A,15,50.47
54,A,16,53.35
54,A,17,47.05
54,A,18,52.89
54,A,19,54.67
54,A,20,50.44
54,A,21,48.25
54,A,22,44.95
54,B,23,43.37
54,B,24,41.64
54,B,25,44.96
54,B,26,44.12
54,B,27,42.8
54,B,28,41.24
54,B,29,47.4
54,B,30,36.06
54,B,31,47.76
54,B,32,51.69
54,B,33,41.27
54,B,34,42.66
54,B,35,44.62
54,B,36,37.13
54,B,37,38.39
54,B,38,41.17
54,B,39,51.67
54,B,40,39.87
54,B,41,37.58
54,B,42,42.4
54,B,43,31.84
54,B,44,38.45
55,A,1,45.65
55,A,2,46.57
55,A,3,38.78
55,A,4,51.14
55,A,5,51.02
55,A,6,43.2
55,A,7,47.67
55,A,8,44.63
55,A,9,47.22
55,A,10,37.39
55,A,11,47.82
55,A,12,43.42
55,A,13,41.86
55,A,14,53.69
55,A,15,42.34
55,A,16,35.99
55,A,17,50.11
55,A,18,48.33
55,A,19,51.66
55,A,20,41.34
55,A,21,43.44
55,A,22,51.34
55,B,23,34.55
55,B,24,38.21
55,B,25,37.88
55,B,26,41.9
55,B,27,40.73
55,B,28,47.37
55,B,29,34.77
55,B,30,37.91
55,B,31,44.96
55,B,32,39.87
55,B,33,32.3
55,B,34,39.2
55,B,35,44.48
55,B,36,38.41
55,B,37,43.53
55,B,38,43.12
55,B,39,42.74
55,B,40,47.06
55,B,41,37.04
55,B,42,36.37
55,B,43,36.08
55,B,44,36.36
56,A,1,52.05
56,A,2,47.33
56,A,3,43.54
56,A,4,54.1
56,A,5,49.52
56,A,6,49.08
56,A,7,39.22
56,A,8,47.97
56,A,9,49.28
56,A,10,55.38
56,A,11,45.54
56,A,12,46.67
56,A,13,45.77
56,A,14,51.99
56,A,15,55.25
56,A,16,48.83
56,A,17,47.87
56,A,18,55.85
56,A,19,46.66
56,A,20,50.68
56,A,21,50.75
56,A,22,47.66
56,B,23,46.2
56,B,24,32.76
56,B,25,36.01
56,B,26,40.61
56,B,27,42.87
56,B,28,41.96
56,B,29,38.05
56,B,30,51.39
56,B,31,36.64
56,B,32,41.63
56,B,33,39.07
56,B,34,38.11
56,B,35,36.95
56,B,36,51.98
56,B,37,38.66
56,B,38,46.44
56,B,39,39.1
56,B,40,38.11
56,B,41,49.71
56,B,42,40.81
56,B,43,50.11
56,B,44,48.01
57,A,1,45.62
57,A,2,41.78
57,A,3,34.08
57,A,4,49.47
57,A,5,41.37
57,A,6,33.35
57,A,7,46.27
57,A,8,46.25
57,A,9,52.86
57,A,10,39.27
57,A,11,39.35
57,A,12,40.82
57,A,13,50.57
57,A,14,41.21
57,A,15,38.23
57,A,16,46.25
57,A,17,39.53
57,A,18,47.59
57,A,19,39.33
57,A,20,36.51
57,B,21,34.65
57,B,22,46.98
57,B,23,47.18
57,B,24,44.19
57,B,25,42.23
57,B,26,45.91
57,B,27,44.1
57,B,28,46.73
57,B,29,44.28
57,B,30,41.15
57,B,31,36.63
57,B,32,46.34
57,B,33,36.97
57,B,34,40.97
57,B,35,43.98
57,B,36,48.44
57,B,37,39.76
57,B,38,39.78
57,B,39,41.9
57,B,40,42.41
58,A,1,55.46
58,A,2,53.14
58,A,3,39.45
58,A,4,50.7
58,A,5,51.5
58,A,6,47.46
58,A,7,50.43
58,A,8,46.82
58,A,9,44.1
58,A,10,47.02
58,A,11,48
58,A,12,43.75
58,A,13,52.02
58,A,14,43.33
58,A,15,40.31
58,A,16,48.91
58,A,17,49.89
58,A,18,44.68
58,A,19,54.31
58,A,20,54.01
58,A,21,50.41
58,A,22,48.75
58,A,23,44.29
58,A,24,44.79
58,A,25,53.52
58,A,26,47.24
58,A,27,43.91
58,A,28,52.37
58,A,29,50.19
58,A,30,51.37
58,A,31,45.08
58,A,32,41.16
58,A,33,45.69
58,A,34,47.23
58,A,35,43.64
58,A,36,46.6
58,B,37,38.56
58,B,38,38.5
58,B,39,39.54
58,B,40,41.05
58,B,41,40.53
58,B,42,36.31
58,B,43,41.11
58,B,44,39.73
58,B,45,42.86
58,B,46,36.87
58,B,47,26.23
58,B,48,39.44
58,B,49,44.61
58,B,50,39.17
58,B,51,43.3
58,B,52,44.93
58,B,53,40.13
58,B,54,46.17
58,B,55,35.73
58,B,56,40.24
58,B,57,41.39
58,B,58,41.21
58,B,59,42.11
58,B,60,35.01
58,B,61,36.05
58,B,62,40.83
58,B,63,42.51
58,B,64,34.99
58,B,65,47.62
58,B,66,42.35
58,B,67,36.66
58,B,68,45.1
58,B,69,46.05
58,B,70,44.38
58,B,71,41.24
58,B,72,46.18
59,A,1,39.72
59,A,2,43.75
59,A,3,48.71
59,A,4,51.84
59,A,5,40.67
59,A,6,39.27
59,A,7,44.28
59,A,8,43.24
59,A,9,48.97
59,A,10,44.8
59,A,11,46.6
59,A,12,38.18
59,A,13,50.68
59,A,14,41.33
59,A,15,33.67
59,A,16,37.04
59,A,17,40.14
59,A,18,42.51
59,A,19,47.51
59,A,20,51.66
59,A,21,40.14
59,A,22,44.84
59,B,23,34.27
59,B,24,41.76
59,B,25,40.03
59,B,26,41.59
59,B,27,29.63
59,B,28,43.44
59,B,29,44.15
59,B,30,26.88
59,B,31,34.71
59,B,32,41.26
59,B,33,35.54
59,B,34,44.29
59,B,35,34.19
59,B,36,42.95
59,B,37,41.47
59,B,38,45.2
59,B,39,35.91
59,B,40,36.7
59,B,41,31.89
59,B,42,37.68
59,B,43,39.27
59,B,44,40.03
60,A,1,44.59
60,A,2,40.07
60,A,3,37.85
60,A,4,41.5
60,A,5,41.08
60,A,6,50.03
60,A,7,49.11
60,A,8,45.04
60,A,9,41.37
60,A,10,45.53
60,A,11,44.02
60,A,12,47.33
60,A,13,42.53
60,A,14,43.55
60,A,15,39.66
60,A,16,46.83
60,A,17,44.12
60,A,18,54.36
60,A,19,49.34
60,A,20,50.33
60,A,21,50.09
60,A,22,40.17
60,A,23,51.25
60,A,24,54.58
60,B,25,41.4
60,B,26,32.89
60,B,27,40.31
60,B,28,49.91
60,B,29,42.21
60,B,30,39.45
60,B,31,41.53
60,B,32,46.25
60,B,33,29.83
60,B,34,36.86
60,B,35,41.29
60,B,36,37.18
60,B,37,43.58
60,B,38,46.49
60,B,39,32.98
60,B,40,37.65
60,B,41,41.66
60,B,42,32.51
60,B,43,51.47
60,B,44,43.99
60,B,45,32.85
60,B,46,38.03
60,B,47,40.57
60,B,48,38.99
