Study,Trt,Cow,Period,FCM
1,A,1,1,40.97
1,B,1,2,32.36
1,C,1,3,37.9
1,B,2,1,36.11
1,C,2,2,33.05
1,A,2,3,26.44
1,C,3,1,50.48
1,A,3,2,45.86
1,B,3,3,45.89
1,C,4,1,51.5
1,B,4,2,43.95
1,A,4,3,55.88
1,A,5,1,37.14
1,C,5,2,26.43
1,B,5,3,34.01
1,B,6,1,55.28
1,A,6,2,41.35
1,C,6,3,38.8
1,A,7,1,47.53
1,B,7,2,37.5
1,C,7,3,36.03
1,B,8,1,40.95
1,C,8,2,49.83
1,A,8,3,46.76
1,C,9,1,35.99
1,A,9,2,29.27
1,B,9,3,36.91
1,C,10,1,40.92
1,B,10,2,40.94
1,A,10,3,37.65
1,A,11,1,37.74
1,C,11,2,29.52
1,B,11,3,30.12
1,B,12,1,40.14
1,A,12,2,55.73
1,C,12,3,45.32
1,A,13,1,35.66
1,B,13,2,34.8
1,C,13,3,41.6
1,B,14,1,53.63
1,C,14,2,46.51
1,A,14,3,52.91
1,C,15,1,31.85
1,A,15,2,34.05
1,B,15,3,36.12
1,C,16,1,42.56
1,B,16,2,45.19
1,A,16,3,49.26
1,A,17,1,51.35
1,C,17,2,48.67
1,B,17,3,44.99
1,B,18,1,36.73
1,A,18,2,31.86
1,C,18,3,36.83
1,A,19,1,30.28
1,B,19,2,36.29
1,C,19,3,24.48
1,B,20,1,44.75
1,C,20,2,41.27
1,A,20,3,56.51
1,C,21,1,38.08
1,A,21,2,36.65
1,B,21,3,41.38
1,C,22,1,46.13
1,B,22,2,46.9
1,A,22,3,45.49
1,A,23,1,45
1,C,23,2,32.15
1,B,23,3,38.03
1,B,24,1,29.3
1,A,24,2,36.56
1,C,24,3,34.99
1,A,25,1,41.26
1,B,25,2,29.71
1,C,25,3,39.76
1,B,26,1,43.08
1,C,26,2,30.6
1,A,26,3,43
1,C,27,1,46.07
1,A,27,2,47.55
1,B,27,3,44.03
1,C,28,1,39.24
1,B,28,2,35.69
1,A,28,3,47.98
1,A,29,1,40.92
1,C,29,2,31.03
1,B,29,3,33.24
1,B,30,1,32.71
1,A,30,2,32.18
1,C,30,3,39.86
1,A,31,1,37.08
1,B,31,2,33.14
1,C,31,3,43.24
1,B,32,1,39.07
1,C,32,2,41.21
1,A,32,3,36.48
1,C,33,1,33.15
1,A,33,2,37.43
1,B,33,3,41.61
1,C,34,1,31.48
1,B,34,2,35.84
1,A,34,3,33.66
1,A,35,1,49.62
1,C,35,2,50.48
1,B,35,3,45.34
1,B,36,1,28.88
1,A,36,2,41.51
1,C,36,3,27.43
2,A,1,1,44.56
2,B,1,2,33.95
2,C,1,3,26.37
2,B,2,1,40.77
2,C,2,2,42.22
2,A,2,3,44.79
2,C,3,1,38.6
2,A,3,2,42.9
2,B,3,3,29.01
2,C,4,1,33.31
2,B,4,2,43.78
2,A,4,3,37.86
2,A,5,1,54.1
2,C,5,2,40.92
2,B,5,3,25.35
2,B,6,1,29.84
2,A,6,2,44.19
2,C,6,3,35.74
2,A,7,1,33.99
2,B,7,2,31.47
2,C,7,3,42.14
2,B,8,1,30.25
2,C,8,2,34.6
2,A,8,3,45.47
2,C,9,1,40.41
2,A,9,2,50.01
2,B,9,3,44.62
2,C,10,1,45.01
2,B,10,2,45.24
2,A,10,3,47.34
2,A,11,1,36.76
2,C,11,2,24.98
2,B,11,3,29.06
2,B,12,1,38.21
2,A,12,2,43.39
2,C,12,3,29.98
2,A,13,1,41.38
2,B,13,2,39.69
2,C,13,3,35.24
2,B,14,1,41.58
2,C,14,2,32.23
2,A,14,3,41.1
2,C,15,1,28.56
2,A,15,2,42.92
2,B,15,3,34.25
2,C,16,1,29.37
2,B,16,2,42.01
2,A,16,3,37.43
2,A,17,1,45.19
2,C,17,2,26.21
2,B,17,3,39.39
2,B,18,1,35.36
2,A,18,2,44.28
2,C,18,3,33.01
2,A,19,1,29.66
2,B,19,2,15.02
2,C,19,3,17.28
2,B,20,1,41.31
2,C,20,2,39.52
2,A,20,3,49.99
2,C,21,1,28.23
2,A,21,2,35.69
2,B,21,3,27.42
2,C,22,1,33.26
2,B,22,2,37.41
2,A,22,3,62.18
2,A,23,1,43.03
2,C,23,2,28.42
2,B,23,3,29.49
2,B,24,1,22.4
2,A,24,2,37.7
2,C,24,3,18.28
2,A,25,1,50.66
2,B,25,2,39.8
2,C,25,3,31.97
2,B,26,1,38.42
2,C,26,2,36.95
2,A,26,3,36.63
2,C,27,1,37.09
2,A,27,2,46.03
2,B,27,3,39.82
2,C,28,1,25.23
2,B,28,2,34.65
2,A,28,3,44.32
2,A,29,1,23.55
2,C,29,2,26.26
2,B,29,3,23.66
2,B,30,1,43.82
2,A,30,2,39.99
2,C,30,3,33.72
2,A,31,1,32.45
2,B,31,2,35.46
2,C,31,3,29.57
2,B,32,1,37.28
2,C,32,2,33.46
2,A,32,3,43.46
2,C,33,1,39.47
2,A,33,2,48.26
2,B,33,3,44.54
2,C,34,1,40.92
2,B,34,2,49.43
2,A,34,3,47.77
2,A,35,1,41.59
2,C,35,2,35.22
2,B,35,3,39.6
2,B,36,1,40.26
2,A,36,2,47.23
2,C,36,3,40.77
3,A,1,1,40.97
3,B,1,2,38.68
3,C,1,3,27.81
3,B,2,1,36.65
3,C,2,2,36.62
3,A,2,3,41.2
3,C,3,1,51.55
3,A,3,2,47.22
3,B,3,3,41.82
3,C,4,1,39.83
3,B,4,2,41.71
3,A,4,3,38.36
3,A,5,1,48.47
3,C,5,2,26.85
3,B,5,3,44.03
3,B,6,1,44.9
3,A,6,2,42.45
3,C,6,3,29.97
3,A,7,1,50.82
3,B,7,2,58.97
3,C,7,3,45.69
3,B,8,1,33.3
3,C,8,2,27.27
3,A,8,3,36.56
3,C,9,1,39.88
3,A,9,2,42.94
3,B,9,3,48.15
3,C,10,1,38.96
3,B,10,2,42.86
3,A,10,3,48.07
3,A,11,1,51.63
3,C,11,2,34.96
3,B,11,3,52.47
3,B,12,1,42.43
3,A,12,2,31.74
3,C,12,3,30.34
3,A,13,1,35.14
3,B,13,2,40.22
3,C,13,3,31.47
3,B,14,1,56.99
3,C,14,2,42.51
3,A,14,3,46.3
3,C,15,1,41.49
3,A,15,2,42.67
3,B,15,3,40.01
3,C,16,1,36.42
3,B,16,2,52.57
3,A,16,3,45.31
3,A,17,1,34.22
3,C,17,2,33.55
3,B,17,3,42.75
3,B,18,1,48.43
3,A,18,2,37.05
3,C,18,3,27.25
3,A,19,1,57.92
3,B,19,2,58.25
3,C,19,3,49.47
3,B,20,1,39.38
3,C,20,2,44.15
3,A,20,3,46.9
3,C,21,1,38.41
3,A,21,2,40.73
3,B,21,3,30.26
3,C,22,1,40.27
3,B,22,2,50.34
3,A,22,3,41.69
3,A,23,1,42.61
3,C,23,2,35.92
3,B,23,3,36.03
3,B,24,1,44.99
3,A,24,2,42.35
3,C,24,3,33.72
3,A,25,1,47.36
3,B,25,2,33.63
3,C,25,3,41.06
3,B,26,1,44.88
3,C,26,2,35.89
3,A,26,3,44.91
3,C,27,1,57.88
3,A,27,2,43.25
3,B,27,3,47.52
3,C,28,1,46.88
3,B,28,2,50.41
3,A,28,3,53.91
3,A,29,1,53.35
3,C,29,2,54.35
3,B,29,3,59.83
3,B,30,1,42.92
3,A,30,2,47.56
3,C,30,3,24.54
4,C,1,1,64.37
4,B,1,2,39.54
4,B,2,1,56.75
4,C,2,2,50.32
4,B,3,1,40.2
4,C,3,2,35.89
4,C,4,1,41.88
4,B,4,2,37.54
4,C,5,1,61.6
4,B,5,2,53.52
4,B,6,1,50.06
4,C,6,2,51.45
4,B,7,1,52.64
4,C,7,2,47.5
4,C,8,1,51.32
4,B,8,2,45.85
4,C,9,1,53.69
4,B,9,2,44.79
4,B,10,1,51.97
4,C,10,2,50.29
4,B,11,1,54.19
4,C,11,2,41.09
4,C,12,1,52.69
4,B,12,2,37.84
4,C,13,1,33.13
4,B,13,2,32.07
4,B,14,1,35.22
4,C,14,2,39.74
4,B,15,1,54.02
4,C,15,2,57.03
4,C,16,1,68.16
4,B,16,2,46.66
5,B,1,1,48.72
5,A,1,2,43.81
5,A,2,1,41.88
5,B,2,2,46.17
5,A,3,1,36.45
5,B,3,2,47.53
5,B,4,1,35.72
5,A,4,2,44.57
5,B,5,1,57.98
5,A,5,2,47.51
5,A,6,1,49.27
5,B,6,2,51.74
5,A,7,1,51.08
5,B,7,2,45.9
5,B,8,1,39.88
5,A,8,2,39.55
5,B,9,1,50.09
5,A,9,2,54.59
5,A,10,1,51.28
5,B,10,2,55.65
5,A,11,1,47.14
5,B,11,2,46.41
5,B,12,1,40.91
5,A,12,2,52.53
5,B,13,1,49.27
5,A,13,2,57.87
5,A,14,1,46.08
5,B,14,2,40.84
5,A,15,1,43.92
5,B,15,2,48.28
5,B,16,1,38.48
5,A,16,2,32.96
5,B,17,1,36.79
5,A,17,2,42.66
5,A,18,1,41.94
5,B,18,2,41.14
5,A,19,1,38.85
5,B,19,2,49.32
5,B,20,1,38.48
5,A,20,2,47.87
5,B,21,1,45.65
5,A,21,2,44.07
5,A,22,1,44.36
5,B,22,2,38.21
5,A,23,1,42.57
5,B,23,2,50.4
5,B,24,1,50.74
5,A,24,2,52.59
6,A,1,1,46.32
6,B,1,2,48.84
6,C,1,3,41.7
6,B,2,1,35.63
6,C,2,2,30.14
6,A,2,3,41.02
6,C,3,1,33.71
6,A,3,2,39.67
6,B,3,3,34.2
6,C,4,1,39.86
6,B,4,2,28.56
6,A,4,3,46.42
6,A,5,1,44.17
6,C,5,2,25.51
6,B,5,3,36.83
6,B,6,1,42.78
6,A,6,2,53.1
6,C,6,3,49.02
6,A,7,1,48.34
6,B,7,2,49.93
6,C,7,3,46.83
6,B,8,1,33.4
6,C,8,2,33.25
6,A,8,3,41.84
6,C,9,1,23.74
6,A,9,2,40.87
6,B,9,3,26.35
6,C,10,1,37.43
6,B,10,2,26.76
6,A,10,3,51.7
6,A,11,1,55.27
6,C,11,2,37.2
6,B,11,3,34.11
6,B,12,1,25.07
6,A,12,2,41.27
6,C,12,3,26.24
6,A,13,1,48.63
6,B,13,2,43.07
6,C,13,3,41.53
6,B,14,1,46
6,C,14,2,38.52
6,A,14,3,50.81
6,C,15,1,40.96
6,A,15,2,43.05
6,B,15,3,43.03
6,C,16,1,37.69
6,B,16,2,32.23
6,A,16,3,39.02
6,A,17,1,44.26
6,C,17,2,30.85
6,B,17,3,27.53
6,B,18,1,41.79
6,A,18,2,37.94
6,C,18,3,39.56
6,A,19,1,46.56
6,B,19,2,41.94
6,C,19,3,37.3
6,B,20,1,32.21
6,C,20,2,34.5
6,A,20,3,44.31
6,C,21,1,40.43
6,A,21,2,40.88
6,B,21,3,36.28
6,C,22,1,37.35
6,B,22,2,22.78
6,A,22,3,37.71
6,A,23,1,52.51
6,C,23,2,42.69
6,B,23,3,44.13
6,B,24,1,29.25
6,A,24,2,43.69
6,C,24,3,26.31
6,A,25,1,45.18
6,B,25,2,35.84
6,C,25,3,40.94
6,B,26,1,42.31
6,C,26,2,46.72
6,A,26,3,37.97
6,C,27,1,50.78
6,A,27,2,50.33
6,B,27,3,49.48
6,C,28,1,31.27
6,B,28,2,36.33
6,A,28,3,49.81
6,A,29,1,34.69
6,C,29,2,37.69
6,B,29,3,33.07
6,B,30,1,41.52
6,A,30,2,40.05
6,C,30,3,35.73
6,A,31,1,42.29
6,B,31,2,35.53
6,C,31,3,40.63
6,B,32,1,37.11
6,C,32,2,37.31
6,A,32,3,49.32
6,C,33,1,29.87
6,A,33,2,48.33
6,B,33,3,36.97
6,C,34,1,42.67
6,B,34,2,36.43
6,A,34,3,54.1
6,A,35,1,44.28
6,C,35,2,24.67
6,B,35,3,37.01
6,B,36,1,37.19
6,A,36,2,40.33
6,C,36,3,31.63
6,A,37,1,46.87
6,B,37,2,35.54
6,C,37,3,29.2
6,B,38,1,49.16
6,C,38,2,34.25
6,A,38,3,54.04
6,C,39,1,33.79
6,A,39,2,27.01
6,B,39,3,32.05
6,C,40,1,35.59
6,B,40,2,26.21
6,A,40,3,46.94
6,A,41,1,49.55
6,C,41,2,30.3
6,B,41,3,33.01
6,B,42,1,33.39
6,A,42,2,32.27
6,C,42,3,36.21
7,C,1,1,44.97
7,B,1,2,43.45
7,B,2,1,22.23
7,C,2,2,29.72
7,B,3,1,48.6
7,C,3,2,46.11
7,C,4,1,25.55
7,B,4,2,23.43
7,C,5,1,39.65
7,B,5,2,38.61
7,B,6,1,40.84
7,C,6,2,41.12
7,B,7,1,40.58
7,C,7,2,35.03
7,C,8,1,33.33
7,B,8,2,47.27
7,C,9,1,30.62
7,B,9,2,37.92
7,B,10,1,38.58
7,C,10,2,37.8
7,B,11,1,44.14
7,C,11,2,44.95
7,C,12,1,21.43
7,B,12,2,40.56
7,C,13,1,43.65
7,B,13,2,47.98
7,B,14,1,32.16
7,C,14,2,32.1
7,B,15,1,37.66
7,C,15,2,34.39
7,C,16,1,33.68
7,B,16,2,37.57
7,C,17,1,22.84
7,B,17,2,40.7
7,B,18,1,32.64
7,C,18,2,38.29
7,B,19,1,46.45
7,C,19,2,43.35
7,C,20,1,35.98
7,B,20,2,42.51
8,A,1,1,40.5
8,B,1,2,44.7
8,C,1,3,40.1
8,B,2,1,39.37
8,C,2,2,36.01
8,A,2,3,39.36
8,C,3,1,35.74
8,A,3,2,43.05
8,B,3,3,37.5
8,C,4,1,42.27
8,B,4,2,49.29
8,A,4,3,43.89
8,A,5,1,46.64
8,C,5,2,39.33
8,B,5,3,55.39
8,B,6,1,56.89
8,A,6,2,48.98
8,C,6,3,47.69
8,A,7,1,50.33
8,B,7,2,43.41
8,C,7,3,37.67
8,B,8,1,53.9
8,C,8,2,51.02
8,A,8,3,47.14
8,C,9,1,41.22
8,A,9,2,45.73
8,B,9,3,46.45
8,C,10,1,40.61
8,B,10,2,48.04
8,A,10,3,49.7
8,A,11,1,45.33
8,C,11,2,26.28
8,B,11,3,40.6
8,B,12,1,47.98
8,A,12,2,39.1
8,C,12,3,41.89
8,A,13,1,40.52
8,B,13,2,42.33
8,C,13,3,33.59
8,B,14,1,54.17
8,C,14,2,48.45
8,A,14,3,59.77
8,C,15,1,34.99
8,A,15,2,34.42
8,B,15,3,34.97
8,C,16,1,46.36
8,B,16,2,43.66
8,A,16,3,56.41
8,A,17,1,51.53
8,C,17,2,32.71
8,B,17,3,55.42
8,B,18,1,49.91
8,A,18,2,57.44
8,C,18,3,40.03
8,A,19,1,43.52
8,B,19,2,41.06
8,C,19,3,30.74
8,B,20,1,62.03
8,C,20,2,44.51
8,A,20,3,54.66
8,C,21,1,40.12
8,A,21,2,45.25
8,B,21,3,53.97
8,C,22,1,44.24
8,B,22,2,40.72
8,A,22,3,53.28
8,A,23,1,49.75
8,C,23,2,28.88
8,B,23,3,40.08
8,B,24,1,44.32
8,A,24,2,41.56
8,C,24,3,34.91
9,C,1,1,38.31
9,B,1,2,44.46
9,B,2,1,52.84
9,C,2,2,48.28
9,B,3,1,49.84
9,C,3,2,47.26
9,C,4,1,43.5
9,B,4,2,48.28
9,C,5,1,32.86
9,B,5,2,47.86
9,B,6,1,48.22
9,C,6,2,44.14
9,B,7,1,51.31
9,C,7,2,41.76
9,C,8,1,34.84
9,B,8,2,52.61
9,C,9,1,48.71
9,B,9,2,48.09
9,B,10,1,45.62
9,C,10,2,41.85
9,B,11,1,55.01
9,C,11,2,44.82
9,C,12,1,39.18
9,B,12,2,57.47
9,C,13,1,48.68
9,B,13,2,49.84
9,B,14,1,35.48
9,C,14,2,36.2
9,B,15,1,41.04
9,C,15,2,38.34
9,C,16,1,53.45
9,B,16,2,61.66
9,C,17,1,46.39
9,B,17,2,48.44
9,B,18,1,47.45
9,C,18,2,43.78
9,B,19,1,45.91
9,C,19,2,38.85
9,C,20,1,43.14
9,B,20,2,64.47
10,A,1,1,35.41
10,B,1,2,33.5
10,C,1,3,38.72
10,B,2,1,46.32
10,C,2,2,37.82
10,A,2,3,46.33
10,C,3,1,29.59
10,A,3,2,35.18
10,B,3,3,35.79
10,C,4,1,42.81
10,B,4,2,38.41
10,A,4,3,55.16
10,A,5,1,42.11
10,C,5,2,46.02
10,B,5,3,55.25
10,B,6,1,48.59
10,A,6,2,40.68
10,C,6,3,44.48
10,A,7,1,49.47
10,B,7,2,48.68
10,C,7,3,40.18
10,B,8,1,44.71
10,C,8,2,41.7
10,A,8,3,42.66
10,C,9,1,40.86
10,A,9,2,40.85
10,B,9,3,32.39
10,C,10,1,41.6
10,B,10,2,34.96
10,A,10,3,48.47
10,A,11,1,45.66
10,C,11,2,33.82
10,B,11,3,32.32
10,B,12,1,38.75
10,A,12,2,44.83
10,C,12,3,35.67
10,A,13,1,43.49
10,B,13,2,50.66
10,C,13,3,32.35
10,B,14,1,39.86
10,C,14,2,39.06
10,A,14,3,59.18
10,C,15,1,28.08
10,A,15,2,45.63
10,B,15,3,40.17
10,C,16,1,34.29
10,B,16,2,37.65
10,A,16,3,49.58
10,A,17,1,45.74
10,C,17,2,37.93
10,B,17,3,45.06
10,B,18,1,47.81
10,A,18,2,48.25
10,C,18,3,47.09
10,A,19,1,43.21
10,B,19,2,48.6
10,C,19,3,41.4
10,B,20,1,40.18
10,C,20,2,30.51
10,A,20,3,36.9
10,C,21,1,38.11
10,A,21,2,35.23
10,B,21,3,41.53
10,C,22,1,35.1
10,B,22,2,28.64
10,A,22,3,39.88
10,A,23,1,39.26
10,C,23,2,32.04
10,B,23,3,39.27
10,B,24,1,55.46
10,A,24,2,60.1
10,C,24,3,47.5
10,A,25,1,40.71
10,B,25,2,34.93
10,C,25,3,35.36
10,B,26,1,43.57
10,C,26,2,41.64
10,A,26,3,39.33
10,C,27,1,30.44
10,A,27,2,55.37
10,B,27,3,35.05
10,C,28,1,33.61
10,B,28,2,32.92
10,A,28,3,35.32
10,A,29,1,49.89
10,C,29,2,41
10,B,29,3,43.97
10,B,30,1,27.75
10,A,30,2,40.06
10,C,30,3,38.27
10,A,31,1,35.08
10,B,31,2,36.35
10,C,31,3,40.84
10,B,32,1,38.39
10,C,32,2,34.54
10,A,32,3,50.04
10,C,33,1,27.66
10,A,33,2,30.46
10,B,33,3,40.49
10,C,34,1,37.79
10,B,34,2,32.2
10,A,34,3,45.66
10,A,35,1,39.42
10,C,35,2,45.35
10,B,35,3,45.56
10,B,36,1,37.73
10,A,36,2,43.31
10,C,36,3,41.24
10,A,37,1,47.74
10,B,37,2,53.61
10,C,37,3,46.24
10,B,38,1,34.71
10,C,38,2,35.75
10,A,38,3,48.14
10,C,39,1,38.53
10,A,39,2,38.39
10,B,39,3,40.04
10,C,40,1,44.43
10,B,40,2,34.47
10,A,40,3,45.15
10,A,41,1,40.41
10,C,41,2,33.46
10,B,41,3,36.01
10,B,42,1,41.35
10,A,42,2,54.36
10,C,42,3,47.96
10,A,43,1,40.91
10,B,43,2,38.68
10,C,43,3,43.76
10,B,44,1,33.4
10,C,44,2,36.36
10,A,44,3,51.44
10,C,45,1,43.49
10,A,45,2,58.29
10,B,45,3,45.58
10,C,46,1,30.22
10,B,46,2,27.06
10,A,46,3,40.13
10,A,47,1,31.55
10,C,47,2,32.95
10,B,47,3,32.42
10,B,48,1,35.59
10,A,48,2,50.64
10,C,48,3,48.83
11,A,1,1,48.72
11,B,1,2,36.06
11,C,1,3,35.25
11,B,2,1,39.61
11,C,2,2,30.8
11,A,2,3,41.31
11,C,3,1,41.53
11,A,3,2,48.58
11,B,3,3,41.33
11,C,4,1,37.66
11,B,4,2,28.49
11,A,4,3,38.22
11,A,5,1,49.21
11,C,5,2,30.92
11,B,5,3,35.91
11,B,6,1,49.73
11,A,6,2,32.85
11,C,6,3,37.02
11,A,7,1,37.92
11,B,7,2,45.64
11,C,7,3,38.36
11,B,8,1,43.92
11,C,8,2,35.15
11,A,8,3,47
11,C,9,1,40.69
11,A,9,2,49.73
11,B,9,3,49.95
11,C,10,1,39.93
11,B,10,2,32.78
11,A,10,3,39.45
11,A,11,1,45.03
11,C,11,2,37.35
11,B,11,3,39.69
11,B,12,1,39.06
11,A,12,2,34.24
11,C,12,3,32
11,A,13,1,37.02
11,B,13,2,37.17
11,C,13,3,38.3
11,B,14,1,33.35
11,C,14,2,38.84
11,A,14,3,39.1
11,C,15,1,46.34
11,A,15,2,49.6
11,B,15,3,57.39
11,C,16,1,23.78
11,B,16,2,30.91
11,A,16,3,25.72
11,A,17,1,57.06
11,C,17,2,40.11
11,B,17,3,53.02
11,B,18,1,42.48
11,A,18,2,49.65
11,C,18,3,35.76
12,C,1,1,49.85
12,B,1,2,37.98
12,B,2,1,48.65
12,C,2,2,53.38
12,B,3,1,40.96
12,C,3,2,38.82
12,C,4,1,45.28
12,B,4,2,54.38
12,C,5,1,28.46
12,B,5,2,30.35
12,B,6,1,50.05
12,C,6,2,43.27
12,B,7,1,46.96
12,C,7,2,36.47
12,C,8,1,52.81
12,B,8,2,43.65
12,C,9,1,53.22
12,B,9,2,53.24
12,B,10,1,37.94
12,C,10,2,30.48
12,B,11,1,50.03
12,C,11,2,45.2
12,C,12,1,41.61
12,B,12,2,33.05
12,C,13,1,41.75
12,B,13,2,46.56
12,B,14,1,36.36
12,C,14,2,31.12
12,B,15,1,47.7
12,C,15,2,40.2
12,C,16,1,43.96
12,B,16,2,57.07
12,C,17,1,41.88
12,B,17,2,45.56
12,B,18,1,37.79
12,C,18,2,45.49
12,B,19,1,48.5
12,C,19,2,45.85
12,C,20,1,37.61
12,B,20,2,51.54
12,C,21,1,35.54
12,B,21,2,48.33
12,B,22,1,46.04
12,C,22,2,41.96
12,B,23,1,41.26
12,C,23,2,43.25
12,C,24,1,45.45
12,B,24,2,44.94
12,C,25,1,30.98
12,B,25,2,46.08
12,B,26,1,38.75
12,C,26,2,41.02
12,B,27,1,48.63
12,C,27,2,45.66
12,C,28,1,53.31
12,B,28,2,50.5
13,C,1,1,41.23
13,B,1,2,31.59
13,B,2,1,29.77
13,C,2,2,30.95
13,B,3,1,37.95
13,C,3,2,32.72
13,C,4,1,50.62
13,B,4,2,44.91
13,C,5,1,32.39
13,B,5,2,43.3
13,B,6,1,46.81
13,C,6,2,34.78
13,B,7,1,39.85
13,C,7,2,33.07
13,C,8,1,42.16
13,B,8,2,40.97
13,C,9,1,53.99
13,B,9,2,46.24
13,B,10,1,30.54
13,C,10,2,41.08
13,B,11,1,24.73
13,C,11,2,36.04
13,C,12,1,30.16
13,B,12,2,37.53
13,C,13,1,29.21
13,B,13,2,39.28
13,B,14,1,50.98
13,C,14,2,32.15
13,B,15,1,46.43
13,C,15,2,40.28
13,C,16,1,36.98
13,B,16,2,34.96
13,C,17,1,49.32
13,B,17,2,29.47
13,B,18,1,38.83
13,C,18,2,40.24
13,B,19,1,42.29
13,C,19,2,44.16
13,C,20,1,33.05
13,B,20,2,34.56
14,B,1,1,33.48
14,A,1,2,42.63
14,A,2,1,45.56
14,B,2,2,44.8
14,A,3,1,45.27
14,B,3,2,43.12
14,B,4,1,18.66
14,A,4,2,25.18
14,B,5,1,29.18
14,A,5,2,36.3
14,A,6,1,46.9
14,B,6,2,25.55
14,A,7,1,43.35
14,B,7,2,39.53
14,B,8,1,40.27
14,A,8,2,34.4
14,B,9,1,41.93
14,A,9,2,37.73
14,A,10,1,35.22
14,B,10,2,38.81
14,A,11,1,35.09
14,B,11,2,31.71
14,B,12,1,38.99
14,A,12,2,38.65
14,B,13,1,49.95
14,A,13,2,47.43
14,A,14,1,35.74
14,B,14,2,27.72
14,A,15,1,48.65
14,B,15,2,44.18
14,B,16,1,41.98
14,A,16,2,49.85
14,B,17,1,51.37
14,A,17,2,44.22
14,A,18,1,30.82
14,B,18,2,38.32
14,A,19,1,32.9
14,B,19,2,29.25
14,B,20,1,38.05
14,A,20,2,40.47
14,B,21,1,29.18
14,A,21,2,28.92
14,A,22,1,43.78
14,B,22,2,31.12
14,A,23,1,40.7
14,B,23,2,33.87
14,B,24,1,35.32
14,A,24,2,43.15
15,B,1,1,43
15,A,1,2,37.09
15,A,2,1,39.46
15,B,2,2,35.86
15,A,3,1,44.19
15,B,3,2,44.34
15,B,4,1,32.67
15,A,4,2,45.35
15,B,5,1,28.05
15,A,5,2,43.74
15,A,6,1,49.05
15,B,6,2,42.87
15,A,7,1,39.06
15,B,7,2,42.38
15,B,8,1,29.18
15,A,8,2,38.05
15,B,9,1,25.21
15,A,9,2,41.07
15,A,10,1,36.89
15,B,10,2,28.65
15,A,11,1,51.19
15,B,11,2,44.88
15,B,12,1,32.85
15,A,12,2,43.84
15,B,13,1,41.32
15,A,13,2,35.23
15,A,14,1,38.26
15,B,14,2,36.14
15,A,15,1,49.04
15,B,15,2,43.91
15,B,16,1,28.8
15,A,16,2,39.28
15,B,17,1,30.46
15,A,17,2,49.71
15,A,18,1,40.73
15,B,18,2,44.23
15,A,19,1,39.4
15,B,19,2,41.32
15,B,20,1,36.07
15,A,20,2,45.79
15,B,21,1,24.93
15,A,21,2,37.78
15,A,22,1,45.02
15,B,22,2,45.05
15,A,23,1,32.51
15,B,23,2,37.94
15,B,24,1,31.49
15,A,24,2,35.82
15,B,25,1,27.79
15,A,25,2,46.72
15,A,26,1,24.76
15,B,26,2,29.36
15,A,27,1,40.91
15,B,27,2,35.53
15,B,28,1,36.21
15,A,28,2,45.08
16,C,1,1,42.34
16,A,1,2,49.34
16,A,2,1,55.51
16,C,2,2,44.62
16,A,3,1,46.58
16,C,3,2,39.33
16,C,4,1,41.93
16,A,4,2,56.63
16,C,5,1,40.17
16,A,5,2,44.74
16,A,6,1,44.96
16,C,6,2,52.85
16,A,7,1,51.5
16,C,7,2,46.43
16,C,8,1,48.46
16,A,8,2,46.29
16,C,9,1,37.84
16,A,9,2,51.99
16,A,10,1,39.94
16,C,10,2,36.42
16,A,11,1,51.61
16,C,11,2,38.68
16,C,12,1,31.68
16,A,12,2,51.11
16,C,13,1,41.62
16,A,13,2,45.36
16,A,14,1,45.09
16,C,14,2,35.76
16,A,15,1,43.87
16,C,15,2,43.31
16,C,16,1,28.26
16,A,16,2,44.46
16,C,17,1,34.49
16,A,17,2,45.3
16,A,18,1,43.01
16,C,18,2,33.64
16,A,19,1,41.33
16,C,19,2,37.78
16,C,20,1,39.67
16,A,20,2,46.25
16,C,21,1,41.44
16,A,21,2,48.41
16,A,22,1,40.93
16,C,22,2,41.23
16,A,23,1,43.22
16,C,23,2,46.11
16,C,24,1,47.91
16,A,24,2,47.67
16,C,25,1,59.99
16,A,25,2,52.89
16,A,26,1,49.18
16,C,26,2,43.65
16,A,27,1,51.56
16,C,27,2,53.27
16,C,28,1,43.36
16,A,28,2,48.62
16,C,29,1,42.46
16,A,29,2,49.67
16,A,30,1,53.51
16,C,30,2,44.39
16,A,31,1,61.52
16,C,31,2,59.89
16,C,32,1,38.89
16,A,32,2,49.41
16,C,33,1,35.69
16,A,33,2,44.36
16,A,34,1,51.04
16,C,34,2,36.29
16,A,35,1,50.09
16,C,35,2,49.39
16,C,36,1,46.43
16,A,36,2,56.33
17,C,1,1,30.57
17,A,1,2,21.82
17,A,2,1,47.1
17,C,2,2,39.8
17,A,3,1,28.67
17,C,3,2,52.98
17,C,4,1,42.35
17,A,4,2,48.24
17,C,5,1,47.32
17,A,5,2,45.63
17,A,6,1,37.17
17,C,6,2,37.43
17,A,7,1,41.34
17,C,7,2,33.57
17,C,8,1,46.5
17,A,8,2,42.53
17,C,9,1,43.64
17,A,9,2,37.25
17,A,10,1,36.26
17,C,10,2,42.03
17,A,11,1,49.8
17,C,11,2,40.07
17,C,12,1,28.99
17,A,12,2,29.91
18,B,1,1,33.27
18,A,1,2,27.41
18,A,2,1,46.73
18,B,2,2,46.24
18,A,3,1,41.14
18,B,3,2,41.28
18,B,4,1,28.4
18,A,4,2,37.13
18,B,5,1,43.15
18,A,5,2,38.98
18,A,6,1,40.66
18,B,6,2,36.83
18,A,7,1,31.76
18,B,7,2,43.18
18,B,8,1,42.78
18,A,8,2,39.79
18,B,9,1,39.65
18,A,9,2,28.87
18,A,10,1,51.89
18,B,10,2,42.7
18,A,11,1,35.74
18,B,11,2,41.54
18,B,12,1,35
18,A,12,2,42.35
19,A,1,1,38.54
19,B,1,2,36.02
19,C,1,3,38.66
19,B,2,1,33.91
19,C,2,2,26.19
19,A,2,3,28.39
19,C,3,1,37.96
19,A,3,2,32.62
19,B,3,3,36.02
19,C,4,1,27.44
19,B,4,2,27.47
19,A,4,3,35.79
19,A,5,1,35.4
19,C,5,2,32.42
19,B,5,3,32.15
19,B,6,1,30.2
19,A,6,2,35.94
19,C,6,3,35.58
19,A,7,1,35.52
19,B,7,2,38.86
19,C,7,3,34.1
19,B,8,1,50.33
19,C,8,2,36.45
19,A,8,3,50.77
19,C,9,1,20.72
19,A,9,2,41.2
19,B,9,3,25.78
19,C,10,1,34.44
19,B,10,2,42.52
19,A,10,3,42.82
19,A,11,1,44.47
19,C,11,2,34.06
19,B,11,3,23.1
19,B,12,1,31.77
19,A,12,2,38.58
19,C,12,3,37.2
19,A,13,1,36.94
19,B,13,2,29.3
19,C,13,3,41.69
19,B,14,1,41.39
19,C,14,2,39.9
19,A,14,3,54.45
19,C,15,1,35.64
19,A,15,2,38.97
19,B,15,3,45.91
19,C,16,1,38.2
19,B,16,2,44.54
19,A,16,3,47.26
19,A,17,1,37.72
19,C,17,2,31.61
19,B,17,3,34.79
19,B,18,1,41.24
19,A,18,2,41.27
19,C,18,3,21.21
19,A,19,1,42.85
19,B,19,2,37.74
19,C,19,3,29.17
19,B,20,1,35.6
19,C,20,2,30.98
19,A,20,3,31.57
19,C,21,1,22.6
19,A,21,2,41.96
19,B,21,3,39.16
19,C,22,1,25.69
19,B,22,2,26.86
19,A,22,3,41.31
19,A,23,1,30.9
19,C,23,2,23.11
19,B,23,3,24.85
19,B,24,1,44
19,A,24,2,43.33
19,C,24,3,40.23
19,A,25,1,34.38
19,B,25,2,32.16
19,C,25,3,37.46
19,B,26,1,39.47
19,C,26,2,42.58
19,A,26,3,45.17
19,C,27,1,36.75
19,A,27,2,34.41
19,B,27,3,31.95
19,C,28,1,47.35
19,B,28,2,39.13
19,A,28,3,48.7
19,A,29,1,47.03
19,C,29,2,43.87
19,B,29,3,48.47
19,B,30,1,36.11
19,A,30,2,37.66
19,C,30,3,34.67
19,A,31,1,36.97
19,B,31,2,34.38
19,C,31,3,38.37
19,B,32,1,44.97
19,C,32,2,38.96
19,A,32,3,51.67
19,C,33,1,45.15
19,A,33,2,35.37
19,B,33,3,43.39
19,C,34,1,35.73
19,B,34,2,40.47
19,A,34,3,41.21
19,A,35,1,40.85
19,C,35,2,42.52
19,B,35,3,27.53
19,B,36,1,36.38
19,A,36,2,34.81
19,C,36,3,44.55
20,A,1,1,43.36
20,B,1,2,40.44
20,C,1,3,44.64
20,B,2,1,26.4
20,C,2,2,47.77
20,A,2,3,31.35
20,C,3,1,36.6
20,A,3,2,40.48
20,B,3,3,36.74
20,C,4,1,45.95
20,B,4,2,46.72
20,A,4,3,47.35
20,A,5,1,34.89
20,C,5,2,26.07
20,B,5,3,30.48
20,B,6,1,30.51
20,A,6,2,43.24
20,C,6,3,25.37
20,A,7,1,39.24
20,B,7,2,28.72
20,C,7,3,33.59
20,B,8,1,48.24
20,C,8,2,35.95
20,A,8,3,50.76
20,C,9,1,32.85
20,A,9,2,43.64
20,B,9,3,47.8
20,C,10,1,35.3
20,B,10,2,42.69
20,A,10,3,32.88
20,A,11,1,46.58
20,C,11,2,45.94
20,B,11,3,40.96
20,B,12,1,28.78
20,A,12,2,37.13
20,C,12,3,32.29
20,A,13,1,38.69
20,B,13,2,27.52
20,C,13,3,26.12
20,B,14,1,34.72
20,C,14,2,40.33
20,A,14,3,37.97
20,C,15,1,38.39
20,A,15,2,30.64
20,B,15,3,41.55
20,C,16,1,33.4
20,B,16,2,29.09
20,A,16,3,33.41
20,A,17,1,47.98
20,C,17,2,48.34
20,B,17,3,36.19
20,B,18,1,28.8
20,A,18,2,39.06
20,C,18,3,34.31
21,C,1,1,19.4
21,A,1,2,31.22
21,A,2,1,41.06
21,C,2,2,47.52
21,A,3,1,46.19
21,C,3,2,35.67
21,C,4,1,28.17
21,A,4,2,31.37
21,C,5,1,33.17
21,A,5,2,29.58
21,A,6,1,48.16
21,C,6,2,34.47
21,A,7,1,24.73
21,C,7,2,20.43
21,C,8,1,44.93
21,A,8,2,47.02
21,C,9,1,28.21
21,A,9,2,39.5
21,A,10,1,37.01
21,C,10,2,28.96
21,A,11,1,41.02
21,C,11,2,31.54
21,C,12,1,31.6
21,A,12,2,35.64
21,C,13,1,42.6
21,A,13,2,46.45
21,A,14,1,42.55
21,C,14,2,25.97
21,A,15,1,38.19
21,C,15,2,25.68
21,C,16,1,39.05
21,A,16,2,46.39
21,C,17,1,25.32
21,A,17,2,33.62
21,A,18,1,29.64
21,C,18,2,45.68
21,A,19,1,29.55
21,C,19,2,32.81
21,C,20,1,32.62
21,A,20,2,38.37
21,C,21,1,30.24
21,A,21,2,29.74
21,A,22,1,36.99
21,C,22,2,37.15
21,A,23,1,32.45
21,C,23,2,14.12
21,C,24,1,22.81
21,A,24,2,42.47
22,C,1,1,58.37
22,A,1,2,52.28
22,A,2,1,33.07
22,C,2,2,43.71
22,A,3,1,42.75
22,C,3,2,39.77
22,C,4,1,40.6
22,A,4,2,44.03
22,C,5,1,39.26
22,A,5,2,46.1
22,A,6,1,36.66
22,C,6,2,33.61
22,A,7,1,45.76
22,C,7,2,36.84
22,C,8,1,30.72
22,A,8,2,31.87
22,C,9,1,40.4
22,A,9,2,35.95
22,A,10,1,53.55
22,C,10,2,44.2
22,A,11,1,35.44
22,C,11,2,39.11
22,C,12,1,42.99
22,A,12,2,51.46
23,A,1,1,38.25
23,B,1,2,43.34
23,C,1,3,36.91
23,B,2,1,43.95
23,C,2,2,42.65
23,A,2,3,36.22
23,C,3,1,41.95
23,A,3,2,41.27
23,B,3,3,31.61
23,C,4,1,28.82
23,B,4,2,39.18
23,A,4,3,36.49
23,A,5,1,40.47
23,C,5,2,35.2
23,B,5,3,44.29
23,B,6,1,35.57
23,A,6,2,35.92
23,C,6,3,31.69
23,A,7,1,49.56
23,B,7,2,55.6
23,C,7,3,52.94
23,B,8,1,37.94
23,C,8,2,42.22
23,A,8,3,41.12
23,C,9,1,35.83
23,A,9,2,39.65
23,B,9,3,24.19
23,C,10,1,39.2
23,B,10,2,49.92
23,A,10,3,50.16
23,A,11,1,50.92
23,C,11,2,43.49
23,B,11,3,37.13
23,B,12,1,49.32
23,A,12,2,33.65
23,C,12,3,38.77
23,A,13,1,38.7
23,B,13,2,49
23,C,13,3,19.47
23,B,14,1,50.34
23,C,14,2,46.41
23,A,14,3,48.74
23,C,15,1,48.21
23,A,15,2,38.95
23,B,15,3,37.7
23,C,16,1,36.74
23,B,16,2,38.32
23,A,16,3,39.17
23,A,17,1,59.56
23,C,17,2,38.71
23,B,17,3,52.46
23,B,18,1,53.93
23,A,18,2,48.36
23,C,18,3,44.24
23,A,19,1,43.43
23,B,19,2,32.05
23,C,19,3,29.89
23,B,20,1,42.71
23,C,20,2,27.67
23,A,20,3,28.74
23,C,21,1,34.27
23,A,21,2,33.1
23,B,21,3,29.02
23,C,22,1,23.45
23,B,22,2,35.93
23,A,22,3,42.07
23,A,23,1,27.08
23,C,23,2,26.83
23,B,23,3,41.34
23,B,24,1,39.96
23,A,24,2,32.07
23,C,24,3,36.11
23,A,25,1,42.48
23,B,25,2,48.76
23,C,25,3,34.01
23,B,26,1,53.36
23,C,26,2,46.44
23,A,26,3,41.26
23,C,27,1,26.71
23,A,27,2,37.68
23,B,27,3,43.72
23,C,28,1,41.01
23,B,28,2,42.98
23,A,28,3,53.62
23,A,29,1,43.19
23,C,29,2,40.26
23,B,29,3,40.14
23,B,30,1,36.1
23,A,30,2,47.89
23,C,30,3,28.13
23,A,31,1,42.51
23,B,31,2,50.17
23,C,31,3,31.69
23,B,32,1,36.46
23,C,32,2,37.71
23,A,32,3,36.81
23,C,33,1,48.3
23,A,33,2,49.93
23,B,33,3,48.16
23,C,34,1,50.1
23,B,34,2,49.78
23,A,34,3,58.13
23,A,35,1,36.01
23,C,35,2,43.11
23,B,35,3,40.11
23,B,36,1,44.24
23,A,36,2,48.59
23,C,36,3,34.22
23,A,37,1,43.79
23,B,37,2,43.33
23,C,37,3,32.97
23,B,38,1,39.69
23,C,38,2,34.89
23,A,38,3,46.07
23,C,39,1,39.74
23,A,39,2,42.41
23,B,39,3,43.2
23,C,40,1,31.31
23,B,40,2,41.61
23,A,40,3,39.21
23,A,41,1,29.52
23,C,41,2,22.7
23,B,41,3,42.4
23,B,42,1,51.32
23,A,42,2,41.57
23,C,42,3,41.65
23,A,43,1,36.39
23,B,43,2,47.44
23,C,43,3,38.91
23,B,44,1,45.99
23,C,44,2,43.93
23,A,44,3,52.42
23,C,45,1,24.94
23,A,45,2,29.22
23,B,45,3,38.11
23,C,46,1,37.62
23,B,46,2,41.23
23,A,46,3,50.55
23,A,47,1,44.74
23,C,47,2,38.64
23,B,47,3,35.23
23,B,48,1,29.73
23,A,48,2,29.33
23,C,48,3,28.41
23,A,49,1,42.27
23,B,49,2,44.09
23,C,49,3,49.92
23,B,50,1,39.81
23,C,50,2,35.05
23,A,50,3,34.84
23,C,51,1,32.19
23,A,51,2,42.34
23,B,51,3,35.47
23,C,52,1,33.51
23,B,52,2,35.59
23,A,52,3,37.33
23,A,53,1,37.45
23,C,53,2,32.88
23,B,53,3,50.99
23,B,54,1,45.04
23,A,54,2,41.05
23,C,54,3,37.23
24,A,1,1,48.33
24,B,1,2,49.67
24,C,1,3,34.81
24,B,2,1,47.88
24,C,2,2,42.42
24,A,2,3,48.73
24,C,3,1,52.31
24,A,3,2,47.18
24,B,3,3,38.6
24,C,4,1,29.9
24,B,4,2,35.52
24,A,4,3,38.23
24,A,5,1,50.54
24,C,5,2,45.21
24,B,5,3,43.79
24,B,6,1,45.68
24,A,6,2,53.11
24,C,6,3,36.95
24,A,7,1,44.16
24,B,7,2,41.11
24,C,7,3,47.33
24,B,8,1,46.58
24,C,8,2,35.8
24,A,8,3,52.59
24,C,9,1,56.77
24,A,9,2,51.22
24,B,9,3,56.4
24,C,10,1,38.1
24,B,10,2,44.37
24,A,10,3,45.33
24,A,11,1,55.4
24,C,11,2,50.78
24,B,11,3,38.32
24,B,12,1,39.84
24,A,12,2,44.11
24,C,12,3,34.26
24,A,13,1,58.9
24,B,13,2,54.48
24,C,13,3,41.57
24,B,14,1,53.71
24,C,14,2,37.48
24,A,14,3,54.9
24,C,15,1,32.67
24,A,15,2,37.36
24,B,15,3,37.27
24,C,16,1,30.36
24,B,16,2,39.25
24,A,16,3,45.38
24,A,17,1,49.52
24,C,17,2,39.6
24,B,17,3,49.52
24,B,18,1,47.51
24,A,18,2,60.94
24,C,18,3,42.36
25,A,1,1,54.94
25,B,1,2,52.43
25,C,1,3,46.25
25,B,2,1,39.51
25,C,2,2,30.09
25,A,2,3,32.8
25,C,3,1,60.47
25,A,3,2,58.26
25,B,3,3,50.63
25,C,4,1,40.26
25,B,4,2,34.61
25,A,4,3,23.29
25,A,5,1,62.05
25,C,5,2,39.6
25,B,5,3,57.25
25,B,6,1,44.14
25,A,6,2,51.1
25,C,6,3,41.53
25,A,7,1,46.22
25,B,7,2,49.41
25,C,7,3,39.64
25,B,8,1,40.98
25,C,8,2,51.66
25,A,8,3,41.96
25,C,9,1,52.82
25,A,9,2,42.58
25,B,9,3,42.43
25,C,10,1,52.42
25,B,10,2,45.8
25,A,10,3,44.8
25,A,11,1,32.81
25,C,11,2,46.49
25,B,11,3,31.59
25,B,12,1,53.09
25,A,12,2,49.77
25,C,12,3,41.7
25,A,13,1,48.31
25,B,13,2,41.98
25,C,13,3,49.66
25,B,14,1,54.95
25,C,14,2,51.4
25,A,14,3,54.1
25,C,15,1,46.19
25,A,15,2,45.04
25,B,15,3,33.7
25,C,16,1,29.3
25,B,16,2,27.59
25,A,16,3,27.11
25,A,17,1,52.5
25,C,17,2,40.08
25,B,17,3,46.86
25,B,18,1,56.83
25,A,18,2,51.05
25,C,18,3,50.76
25,A,19,1,56.47
25,B,19,2,48.61
25,C,19,3,39.68
25,B,20,1,49.46
25,C,20,2,41.37
25,A,20,3,45.82
25,C,21,1,44.23
25,A,21,2,39.8
25,B,21,3,40.95
25,C,22,1,46.94
25,B,22,2,42.16
25,A,22,3,47.67
25,A,23,1,54.66
25,C,23,2,56.24
25,B,23,3,54.58
25,B,24,1,46.81
25,A,24,2,35.92
25,C,24,3,30.13
26,A,1,1,49.17
26,B,1,2,45.65
26,C,1,3,46.75
26,B,2,1,53.76
26,C,2,2,46.64
26,A,2,3,51.11
26,C,3,1,41.79
26,A,3,2,42.15
26,B,3,3,37.15
26,C,4,1,53.2
26,B,4,2,46.7
26,A,4,3,51
26,A,5,1,49.86
26,C,5,2,34.93
26,B,5,3,38.72
26,B,6,1,31.03
26,A,6,2,33.13
26,C,6,3,30.21
26,A,7,1,45.78
26,B,7,2,44.58
26,C,7,3,47.49
26,B,8,1,44.65
26,C,8,2,40.62
26,A,8,3,42.19
26,C,9,1,34.81
26,A,9,2,28.51
26,B,9,3,35.37
26,C,10,1,36.49
26,B,10,2,34.17
26,A,10,3,39.39
26,A,11,1,44.39
26,C,11,2,54.73
26,B,11,3,44.95
26,B,12,1,41.97
26,A,12,2,58.05
26,C,12,3,44.58
27,C,1,1,31.66
27,B,1,2,36.11
27,B,2,1,43.7
27,C,2,2,44.08
27,B,3,1,36.36
27,C,3,2,33.29
27,C,4,1,47.56
27,B,4,2,48.91
27,C,5,1,33
27,B,5,2,35.65
27,B,6,1,29.52
27,C,6,2,31.9
27,B,7,1,51.51
27,C,7,2,52.23
27,C,8,1,53.27
27,B,8,2,62.76
27,C,9,1,28.55
27,B,9,2,40.13
27,B,10,1,48.63
27,C,10,2,45.38
27,B,11,1,34.9
27,C,11,2,31.14
27,C,12,1,42.47
27,B,12,2,31.99
27,C,13,1,36.25
27,B,13,2,25.22
27,B,14,1,50.91
27,C,14,2,37.05
27,B,15,1,45.46
27,C,15,2,41.71
27,C,16,1,38.85
27,B,16,2,45.77
27,C,17,1,53.09
27,B,17,2,36.37
27,B,18,1,47.57
27,C,18,2,50.4
27,B,19,1,44.51
27,C,19,2,39.67
27,C,20,1,44.96
27,B,20,2,51.06
27,C,21,1,52.66
27,B,21,2,49.29
27,B,22,1,39.7
27,C,22,2,34.29
27,B,23,1,43.14
27,C,23,2,44.87
27,C,24,1,49.32
27,B,24,2,38.7
27,C,25,1,39.03
27,B,25,2,42.94
27,B,26,1,33.57
27,C,26,2,21.8
27,B,27,1,35.24
27,C,27,2,38.18
27,C,28,1,36.82
27,B,28,2,43.21
27,C,29,1,44.05
27,B,29,2,45.36
27,B,30,1,41.35
27,C,30,2,40.42
27,B,31,1,46.3
27,C,31,2,51.2
27,C,32,1,38.21
27,B,32,2,40.27
28,A,1,1,53.26
28,B,1,2,38.32
28,C,1,3,55.06
28,B,2,1,37.25
28,C,2,2,38.58
28,A,2,3,46.79
28,C,3,1,45.9
28,A,3,2,49.92
28,B,3,3,48.95
28,C,4,1,36.55
28,B,4,2,40.05
28,A,4,3,36.69
28,A,5,1,41.57
28,C,5,2,42.97
28,B,5,3,40.28
28,B,6,1,45.16
28,A,6,2,41.07
28,C,6,3,43.44
28,A,7,1,39.19
28,B,7,2,28.71
28,C,7,3,51.39
28,B,8,1,33.83
28,C,8,2,41.36
28,A,8,3,46.14
28,C,9,1,42.08
28,A,9,2,31.11
28,B,9,3,32.1
28,C,10,1,58.79
28,B,10,2,41.01
28,A,10,3,55.37
28,A,11,1,45.57
28,C,11,2,34.37
28,B,11,3,34.21
28,B,12,1,35.72
28,A,12,2,38.72
28,C,12,3,48.04
28,A,13,1,38.57
28,B,13,2,28.54
28,C,13,3,41.87
28,B,14,1,47.17
28,C,14,2,39.99
28,A,14,3,53.44
28,C,15,1,40.7
28,A,15,2,45.12
28,B,15,3,42.77
28,C,16,1,38.8
28,B,16,2,39.47
28,A,16,3,42.32
28,A,17,1,36.18
28,C,17,2,50.27
28,B,17,3,42.03
28,B,18,1,23.6
28,A,18,2,40.33
28,C,18,3,41.05
28,A,19,1,41.25
28,B,19,2,40.68
28,C,19,3,52.13
28,B,20,1,28.33
28,C,20,2,36.27
28,A,20,3,35.34
28,C,21,1,44.91
28,A,21,2,46.68
28,B,21,3,41.16
28,C,22,1,49.56
28,B,22,2,48.76
28,A,22,3,48.03
28,A,23,1,39.76
28,C,23,2,42.85
28,B,23,3,39.01
28,B,24,1,43.73
28,A,24,2,42.96
28,C,24,3,41.96
29,C,1,1,34.82
29,A,1,2,49.97
29,A,2,1,37.36
29,C,2,2,32.77
29,A,3,1,45.21
29,C,3,2,37.68
29,C,4,1,32.83
29,A,4,2,54.49
29,C,5,1,36.65
29,A,5,2,44.52
29,A,6,1,43.22
29,C,6,2,43.53
29,A,7,1,47.44
29,C,7,2,44.31
29,C,8,1,43
29,A,8,2,55.64
29,C,9,1,44.08
29,A,9,2,53.2
29,A,10,1,51.45
29,C,10,2,47.32
29,A,11,1,39.86
29,C,11,2,45.55
29,C,12,1,52.54
29,A,12,2,56.51
29,C,13,1,38.19
29,A,13,2,59.08
29,A,14,1,50.24
29,C,14,2,52.81
29,A,15,1,46.26
29,C,15,2,34.36
29,C,16,1,44.24
29,A,16,2,62.7
29,C,17,1,41.35
29,A,17,2,44.53
29,A,18,1,50.57
29,C,18,2,33.5
29,A,19,1,43.02
29,C,19,2,44.6
29,C,20,1,34.22
29,A,20,2,45.35
29,C,21,1,17.96
29,A,21,2,39.27
29,A,22,1,51.51
29,C,22,2,56
29,A,23,1,47.94
29,C,23,2,61.46
29,C,24,1,47.02
29,A,24,2,45.46
29,C,25,1,54.73
29,A,25,2,62.47
29,A,26,1,45.29
29,C,26,2,40.72
29,A,27,1,46.21
29,C,27,2,43.69
29,C,28,1,57.35
29,A,28,2,72.91
29,C,29,1,33.03
29,A,29,2,57.93
29,A,30,1,58.37
29,C,30,2,51.35
29,A,31,1,46.57
29,C,31,2,51.85
29,C,32,1,52.16
29,A,32,2,59.44
30,A,1,1,48.77
30,B,1,2,51.28
30,C,1,3,41.8
30,B,2,1,33.64
30,C,2,2,39.48
30,A,2,3,37.06
30,C,3,1,40.65
30,A,3,2,49.13
30,B,3,3,40.26
30,C,4,1,25.01
30,B,4,2,42.6
30,A,4,3,29.3
30,A,5,1,44.32
30,C,5,2,46.4
30,B,5,3,42.11
30,B,6,1,45.86
30,A,6,2,43.19
30,C,6,3,33.44
30,A,7,1,41.14
30,B,7,2,52.88
30,C,7,3,36.47
30,B,8,1,42.6
30,C,8,2,36.71
30,A,8,3,37.78
30,C,9,1,26.99
30,A,9,2,33.92
30,B,9,3,20.19
30,C,10,1,40.27
30,B,10,2,46.62
30,A,10,3,37.79
30,A,11,1,39.94
30,C,11,2,37.18
30,B,11,3,34.06
30,B,12,1,37.34
30,A,12,2,43.43
30,C,12,3,38.97
30,A,13,1,42.14
30,B,13,2,31.42
30,C,13,3,29.31
30,B,14,1,39.5
30,C,14,2,37.46
30,A,14,3,43.76
30,C,15,1,46.99
30,A,15,2,50.82
30,B,15,3,45.98
30,C,16,1,36.18
30,B,16,2,30.51
30,A,16,3,35.88
30,A,17,1,38.37
30,C,17,2,45.56
30,B,17,3,40.07
30,B,18,1,34.14
30,A,18,2,42.46
30,C,18,3,38.93
30,A,19,1,49.68
30,B,19,2,47.72
30,C,19,3,41.1
30,B,20,1,46.99
30,C,20,2,40.34
30,A,20,3,34.17
30,C,21,1,46.8
30,A,21,2,57.19
30,B,21,3,55
30,C,22,1,43.58
30,B,22,2,37.62
30,A,22,3,46.42
30,A,23,1,58.11
30,C,23,2,48.39
30,B,23,3,50.87
30,B,24,1,38.59
30,A,24,2,32.54
30,C,24,3,25.02
30,A,25,1,50.83
30,B,25,2,38.84
30,C,25,3,29.67
30,B,26,1,50.23
30,C,26,2,40.33
30,A,26,3,39.1
30,C,27,1,42.37
30,A,27,2,36.38
30,B,27,3,44.12
30,C,28,1,32.73
30,B,28,2,44.6
30,A,28,3,27.98
30,A,29,1,35.54
30,C,29,2,32.74
30,B,29,3,36.84
30,B,30,1,46.95
30,A,30,2,48.82
30,C,30,3,43.14
30,A,31,1,50.6
30,B,31,2,35.68
30,C,31,3,42.55
30,B,32,1,19.63
30,C,32,2,36.88
30,A,32,3,40.18
30,C,33,1,40.8
30,A,33,2,42.27
30,B,33,3,29.94
30,C,34,1,42.91
30,B,34,2,48.57
30,A,34,3,54.25
30,A,35,1,39.28
30,C,35,2,48.18
30,B,35,3,51.14
30,B,36,1,46.95
30,A,36,2,44.86
30,C,36,3,36.02
31,C,1,1,35.65
31,A,1,2,39.22
31,A,2,1,45.27
31,C,2,2,32.36
31,A,3,1,37.69
31,C,3,2,34.03
31,C,4,1,38.47
31,A,4,2,43.12
31,C,5,1,33.01
31,A,5,2,39.07
31,A,6,1,42.25
31,C,6,2,41.86
31,A,7,1,44.95
31,C,7,2,37.52
31,C,8,1,18.32
31,A,8,2,28.7
31,C,9,1,42.19
31,A,9,2,42.99
31,A,10,1,37.5
31,C,10,2,45.63
31,A,11,1,39.45
31,C,11,2,37.38
31,C,12,1,13.39
31,A,12,2,32.81
31,C,13,1,41.84
31,A,13,2,49.9
31,A,14,1,50.74
31,C,14,2,44.54
31,A,15,1,41.06
31,C,15,2,31
31,C,16,1,41.01
31,A,16,2,38.8
31,C,17,1,35.4
31,A,17,2,54.53
31,A,18,1,38.78
31,C,18,2,40.63
31,A,19,1,41.86
31,C,19,2,37.46
31,C,20,1,43.7
31,A,20,2,46.73
31,C,21,1,42.96
31,A,21,2,59.95
31,A,22,1,35.83
31,C,22,2,36.99
31,A,23,1,33.85
31,C,23,2,32.94
31,C,24,1,35.87
31,A,24,2,32.25
31,C,25,1,35.23
31,A,25,2,35.94
31,A,26,1,33.87
31,C,26,2,33.79
31,A,27,1,34.36
31,C,27,2,37.37
31,C,28,1,44.62
31,A,28,2,40.7
31,C,29,1,37.56
31,A,29,2,43.96
31,A,30,1,51.42
31,C,30,2,41.46
31,A,31,1,34.64
31,C,31,2,28.96
31,C,32,1,30.86
31,A,32,2,40.52
31,C,33,1,31.53
31,A,33,2,36.16
31,A,34,1,48.65
31,C,34,2,48.67
31,A,35,1,30.49
31,C,35,2,27.24
31,C,36,1,28.76
31,A,36,2,42.46
32,C,1,1,38.68
32,B,1,2,41.74
32,B,2,1,25.33
32,C,2,2,24.18
32,B,3,1,46.09
32,C,3,2,42.21
32,C,4,1,45.27
32,B,4,2,44.89
32,C,5,1,44.04
32,B,5,2,48.81
32,B,6,1,49.63
32,C,6,2,38.24
32,B,7,1,50.36
32,C,7,2,58.25
32,C,8,1,33.27
32,B,8,2,37.37
32,C,9,1,44.69
32,B,9,2,43.76
32,B,10,1,34.42
32,C,10,2,40.84
32,B,11,1,34.62
32,C,11,2,34.32
32,C,12,1,38.57
32,B,12,2,29.97
33,A,1,1,49.06
33,B,1,2,47.59
33,C,1,3,36.2
33,B,2,1,45.12
33,C,2,2,28.73
33,A,2,3,31.76
33,C,3,1,40.52
33,A,3,2,40.41
33,B,3,3,51.32
33,C,4,1,21.74
33,B,4,2,33.81
33,A,4,3,37.1
33,A,5,1,54.95
33,C,5,2,41.15
33,B,5,3,55.57
33,B,6,1,54.11
33,A,6,2,47.11
33,C,6,3,42.11
33,A,7,1,50.23
33,B,7,2,38.59
33,C,7,3,38.1
33,B,8,1,45.93
33,C,8,2,38.79
33,A,8,3,46.54
33,C,9,1,31.81
33,A,9,2,36.21
33,B,9,3,34.92
33,C,10,1,43.62
33,B,10,2,40.98
33,A,10,3,54.12
33,A,11,1,49.03
33,C,11,2,41.54
33,B,11,3,43.88
33,B,12,1,39.85
33,A,12,2,49.87
33,C,12,3,44.17
33,A,13,1,45.97
33,B,13,2,41.93
33,C,13,3,41.34
33,B,14,1,37.6
33,C,14,2,31.53
33,A,14,3,44.33
33,C,15,1,37.22
33,A,15,2,49.79
33,B,15,3,48.27
33,C,16,1,43.92
33,B,16,2,54.94
33,A,16,3,60.36
33,A,17,1,29.72
33,C,17,2,23.04
33,B,17,3,30.75
33,B,18,1,53
33,A,18,2,42.43
33,C,18,3,42.4
34,C,1,1,43.18
34,A,1,2,39.87
34,A,2,1,44.48
34,C,2,2,39.64
34,A,3,1,47.72
34,C,3,2,40.47
34,C,4,1,43.45
34,A,4,2,34.99
34,C,5,1,44.92
34,A,5,2,41.78
34,A,6,1,50.36
34,C,6,2,46.78
34,A,7,1,46.59
34,C,7,2,33.43
34,C,8,1,42.49
34,A,8,2,51.25
34,C,9,1,43.78
34,A,9,2,46.04
34,A,10,1,42.81
34,C,10,2,33.73
34,A,11,1,33.4
34,C,11,2,27.6
34,C,12,1,47.65
34,A,12,2,42.15
35,A,1,1,37.6
35,B,1,2,42.86
35,C,1,3,43.19
35,B,2,1,42.37
35,C,2,2,61.42
35,A,2,3,45.31
35,C,3,1,39.85
35,A,3,2,48.12
35,B,3,3,39.87
35,C,4,1,37.17
35,B,4,2,32.15
35,A,4,3,40.41
35,A,5,1,48.36
35,C,5,2,41
35,B,5,3,50.33
35,B,6,1,43.63
35,A,6,2,41.93
35,C,6,3,48.28
35,A,7,1,41.21
35,B,7,2,35.44
35,C,7,3,24.87
35,B,8,1,39.64
35,C,8,2,30.47
35,A,8,3,38.94
35,C,9,1,23.45
35,A,9,2,47.85
35,B,9,3,22.73
35,C,10,1,30.61
35,B,10,2,45.09
35,A,10,3,37.74
35,A,11,1,37.83
35,C,11,2,64.81
35,B,11,3,47.57
35,B,12,1,47.91
35,A,12,2,52.49
35,C,12,3,36.66
35,A,13,1,34.22
35,B,13,2,30.25
35,C,13,3,25.2
35,B,14,1,49.63
35,C,14,2,40.2
35,A,14,3,51.68
35,C,15,1,47.11
35,A,15,2,46.47
35,B,15,3,47.44
35,C,16,1,40.27
35,B,16,2,40.72
35,A,16,3,40.06
35,A,17,1,30.58
35,C,17,2,36.51
35,B,17,3,31.41
35,B,18,1,42.61
35,A,18,2,38.8
35,C,18,3,38.24
35,A,19,1,48.16
35,B,19,2,62.86
35,C,19,3,57.41
35,B,20,1,32.67
35,C,20,2,38.17
35,A,20,3,38.59
35,C,21,1,48.15
35,A,21,2,44.88
35,B,21,3,36
35,C,22,1,40.43
35,B,22,2,38.74
35,A,22,3,42.48
35,A,23,1,38.51
35,C,23,2,45.5
35,B,23,3,35.27
35,B,24,1,38.23
35,A,24,2,34.01
35,C,24,3,35.82
35,A,25,1,53.43
35,B,25,2,47.63
35,C,25,3,59.24
35,B,26,1,41.49
35,C,26,2,50.04
35,A,26,3,41.11
35,C,27,1,32.13
35,A,27,2,36.76
35,B,27,3,20.71
35,C,28,1,47.5
35,B,28,2,34.83
35,A,28,3,47.37
35,A,29,1,39.91
35,C,29,2,43.71
35,B,29,3,25.54
35,B,30,1,35.71
35,A,30,2,31.01
35,C,30,3,30.35
35,A,31,1,37.5
35,B,31,2,46
35,C,31,3,44.75
35,B,32,1,35.93
35,C,32,2,41.65
35,A,32,3,32.59
35,C,33,1,35.82
35,A,33,2,39.19
35,B,33,3,28.67
35,C,34,1,49.97
35,B,34,2,46.24
35,A,34,3,45.67
35,A,35,1,48.41
35,C,35,2,41.57
35,B,35,3,42.89
35,B,36,1,36.67
35,A,36,2,50.39
35,C,36,3,44.31
35,A,37,1,27.21
35,B,37,2,34.56
35,C,37,3,34.19
35,B,38,1,28.35
35,C,38,2,31.27
35,A,38,3,31.55
35,C,39,1,32.38
35,A,39,2,35.07
35,B,39,3,36.92
35,C,40,1,25.3
35,B,40,2,37.57
35,A,40,3,37.25
35,A,41,1,49.3
35,C,41,2,45.4
35,B,41,3,34.76
35,B,42,1,27.03
35,A,42,2,45.11
35,C,42,3,42.37
36,C,1,1,32.47
36,A,1,2,46.55
36,A,2,1,32.78
36,C,2,2,29.68
36,A,3,1,44.42
36,C,3,2,30.73
36,C,4,1,41.99
36,A,4,2,37.98
36,C,5,1,41.45
36,A,5,2,34.91
36,A,6,1,26.87
36,C,6,2,39.8
36,A,7,1,41.99
36,C,7,2,41.91
36,C,8,1,49.47
36,A,8,2,43.51
37,B,1,1,48.22
37,A,1,2,41.45
37,A,2,1,46.82
37,B,2,2,41.04
37,A,3,1,50.8
37,B,3,2,43.56
37,B,4,1,52.67
37,A,4,2,46.6
37,B,5,1,46.06
37,A,5,2,38.23
37,A,6,1,37.81
37,B,6,2,34.61
37,A,7,1,49.51
37,B,7,2,46.38
37,B,8,1,41.37
37,A,8,2,35.48
37,B,9,1,43.27
37,A,9,2,52.48
37,A,10,1,50.75
37,B,10,2,50.59
37,A,11,1,48.56
37,B,11,2,46.2
37,B,12,1,45.22
37,A,12,2,43.18
37,B,13,1,44.56
37,A,13,2,49.54
37,A,14,1,59.83
37,B,14,2,39.9
37,A,15,1,44.39
37,B,15,2,45.78
37,B,16,1,34.42
37,A,16,2,38.49
37,B,17,1,51.82
37,A,17,2,42.7
37,A,18,1,52.65
37,B,18,2,46
37,A,19,1,51.74
37,B,19,2,53.74
37,B,20,1,29.87
37,A,20,2,37.16
37,B,21,1,54.63
37,A,21,2,49.91
37,A,22,1,54.4
37,B,22,2,51.46
37,A,23,1,47.13
37,B,23,2,41.44
37,B,24,1,38.98
37,A,24,2,46.96
37,B,25,1,42.03
37,A,25,2,45.45
37,A,26,1,52.4
37,B,26,2,48.21
37,A,27,1,49.67
37,B,27,2,42.5
37,B,28,1,30.7
37,A,28,2,23.64
37,B,29,1,49.47
37,A,29,2,57.82
37,A,30,1,40.95
37,B,30,2,39.84
37,A,31,1,51.27
37,B,31,2,33.37
37,B,32,1,50.48
37,A,32,2,45.53
37,B,33,1,59.5
37,A,33,2,51.75
37,A,34,1,46.98
37,B,34,2,47.66
37,A,35,1,40.81
37,B,35,2,41.14
37,B,36,1,45.18
37,A,36,2,60.41
37,B,37,1,46.75
37,A,37,2,57.57
37,A,38,1,50.65
37,B,38,2,50.89
37,A,39,1,50.62
37,B,39,2,33.13
37,B,40,1,35.48
37,A,40,2,45.44
38,C,1,1,46.41
38,A,1,2,54.81
38,A,2,1,60.19
38,C,2,2,41.48
38,A,3,1,54.83
38,C,3,2,38.47
38,C,4,1,35.56
38,A,4,2,34.7
38,C,5,1,31.99
38,A,5,2,45.46
38,A,6,1,45.32
38,C,6,2,34.91
38,A,7,1,41.39
38,C,7,2,34.16
38,C,8,1,32.17
38,A,8,2,31.88
38,C,9,1,47.52
38,A,9,2,36.9
38,A,10,1,47.17
38,C,10,2,41.37
38,A,11,1,36.45
38,C,11,2,32.33
38,C,12,1,31.26
38,A,12,2,49.8
38,C,13,1,37.14
38,A,13,2,52.52
38,A,14,1,48.12
38,C,14,2,45.93
38,A,15,1,42.15
38,C,15,2,36.51
38,C,16,1,29.37
38,A,16,2,52.67
39,C,1,1,40.42
39,B,1,2,36.17
39,B,2,1,40.12
39,C,2,2,41.99
39,B,3,1,48.25
39,C,3,2,43.95
39,C,4,1,36.96
39,B,4,2,45.07
39,C,5,1,33
39,B,5,2,40.82
39,B,6,1,42.51
39,C,6,2,35.96
39,B,7,1,46.23
39,C,7,2,38.57
39,C,8,1,48.32
39,B,8,2,42.08
40,A,1,1,36.83
40,B,1,2,40.72
40,C,1,3,35.45
40,B,2,1,33.42
40,C,2,2,37.76
40,A,2,3,32.89
40,C,3,1,58.69
40,A,3,2,52.07
40,B,3,3,46.02
40,C,4,1,26.7
40,B,4,2,42.66
40,A,4,3,49.04
40,A,5,1,42.8
40,C,5,2,42.4
40,B,5,3,32.43
40,B,6,1,45.42
40,A,6,2,48.75
40,C,6,3,44.67
40,A,7,1,52.3
40,B,7,2,49.43
40,C,7,3,54.26
40,B,8,1,41.28
40,C,8,2,37.66
40,A,8,3,48.64
40,C,9,1,39.91
40,A,9,2,49.17
40,B,9,3,43.1
40,C,10,1,46.05
40,B,10,2,44.16
40,A,10,3,46.58
40,A,11,1,47.84
40,C,11,2,49.45
40,B,11,3,41.29
40,B,12,1,42.34
40,A,12,2,48.86
40,C,12,3,39.71
41,C,1,1,28.24
41,B,1,2,32.04
41,B,2,1,55.42
41,C,2,2,38.11
41,B,3,1,31.88
41,C,3,2,22.62
41,C,4,1,40.42
41,B,4,2,51.42
41,C,5,1,30.64
41,B,5,2,47.95
41,B,6,1,49.37
41,C,6,2,30.77
41,B,7,1,51.79
41,C,7,2,48.48
41,C,8,1,52.79
41,B,8,2,46.45
41,C,9,1,39.05
41,B,9,2,37.26
41,B,10,1,43.78
41,C,10,2,36.73
41,B,11,1,56.27
41,C,11,2,37.9
41,C,12,1,40.53
41,B,12,2,46.75
41,C,13,1,42.31
41,B,13,2,49.81
41,B,14,1,46.35
41,C,14,2,33.98
41,B,15,1,47.15
41,C,15,2,42.17
41,C,16,1,36.43
41,B,16,2,49.08
41,C,17,1,40.52
41,B,17,2,49.3
41,B,18,1,23.11
41,C,18,2,29.45
41,B,19,1,37.65
41,C,19,2,37.52
41,C,20,1,37.39
41,B,20,2,39.18
41,C,21,1,36.73
41,B,21,2,53.88
41,B,22,1,46.23
41,C,22,2,35.53
41,B,23,1,43.53
41,C,23,2,31.03
41,C,24,1,27.21
41,B,24,2,50.74
42,C,1,1,34.72
42,A,1,2,27.14
42,A,2,1,41.21
42,C,2,2,31.67
42,A,3,1,45.86
42,C,3,2,41.42
42,C,4,1,35.46
42,A,4,2,47.61
42,C,5,1,46.6
42,A,5,2,54.46
42,A,6,1,38.12
42,C,6,2,38.96
42,A,7,1,44.42
42,C,7,2,35.38
42,C,8,1,49.76
42,A,8,2,34.93
42,C,9,1,56.01
42,A,9,2,52.3
42,A,10,1,46.02
42,C,10,2,43.05
42,A,11,1,48.73
42,C,11,2,32.95
42,C,12,1,41.94
42,A,12,2,49.79
43,A,1,1,43.3
43,B,1,2,50.74
43,C,1,3,46.11
43,B,2,1,35.44
43,C,2,2,38.03
43,A,2,3,43.56
43,C,3,1,39.73
43,A,3,2,37.89
43,B,3,3,38.22
43,C,4,1,46.82
43,B,4,2,36.65
43,A,4,3,44.24
43,A,5,1,42.84
43,C,5,2,47.72
43,B,5,3,51
43,B,6,1,38.62
43,A,6,2,36.78
43,C,6,3,31.59
43,A,7,1,33.9
43,B,7,2,38.52
43,C,7,3,37.59
43,B,8,1,51.38
43,C,8,2,39.83
43,A,8,3,48.02
43,C,9,1,43.27
43,A,9,2,45.57
43,B,9,3,46.26
43,C,10,1,54.69
43,B,10,2,33.76
43,A,10,3,39.48
43,A,11,1,56.46
43,C,11,2,38.5
43,B,11,3,51.76
43,B,12,1,48.65
43,A,12,2,37.48
43,C,12,3,31.75
43,A,13,1,40.99
43,B,13,2,42.83
43,C,13,3,38.64
43,B,14,1,38.05
43,C,14,2,34.26
43,A,14,3,40.41
43,C,15,1,45
43,A,15,2,49.89
43,B,15,3,42.36
43,C,16,1,32.19
43,B,16,2,23.09
43,A,16,3,27.56
43,A,17,1,43.6
43,C,17,2,39.83
43,B,17,3,40.37
43,B,18,1,32.6
43,A,18,2,42.51
43,C,18,3,34.74
43,A,19,1,38.04
43,B,19,2,30.63
43,C,19,3,27.47
43,B,20,1,44.21
43,C,20,2,42.37
43,A,20,3,42.47
43,C,21,1,39.03
43,A,21,2,41.4
43,B,21,3,38.09
43,C,22,1,42.63
43,B,22,2,46.3
43,A,22,3,48.81
43,A,23,1,43.41
43,C,23,2,38.28
43,B,23,3,41.76
43,B,24,1,34.18
43,A,24,2,54.34
43,C,24,3,38.76
44,B,1,1,34.34
44,A,1,2,40.72
44,A,2,1,44.78
44,B,2,2,34.24
44,A,3,1,41.59
44,B,3,2,36.79
44,B,4,1,18.4
44,A,4,2,34.68
44,B,5,1,27.24
44,A,5,2,42.94
44,A,6,1,40.63
44,B,6,2,46.9
44,A,7,1,32.97
44,B,7,2,33.47
44,B,8,1,50.21
44,A,8,2,48.13
44,B,9,1,35.26
44,A,9,2,39.38
44,A,10,1,54.15
44,B,10,2,43.13
44,A,11,1,53.34
44,B,11,2,43.87
44,B,12,1,43.7
44,A,12,2,46.86
44,B,13,1,45.63
44,A,13,2,42.91
44,A,14,1,44.1
44,B,14,2,37.25
44,A,15,1,37.78
44,B,15,2,40.62
44,B,16,1,30.78
44,A,16,2,28.19
44,B,17,1,35.62
44,A,17,2,41.45
44,A,18,1,51.86
44,B,18,2,46.35
44,A,19,1,44.94
44,B,19,2,42.54
44,B,20,1,42.39
44,A,20,2,51.58
44,B,21,1,44.24
44,A,21,2,50.41
44,A,22,1,43.43
44,B,22,2,36.18
44,A,23,1,41.15
44,B,23,2,36.06
44,B,24,1,39.71
44,A,24,2,30.96
44,B,25,1,42.04
44,A,25,2,45.61
44,A,26,1,36.2
44,B,26,2,37.63
44,A,27,1,37.9
44,B,27,2,27.59
44,B,28,1,27.29
44,A,28,2,42.45
44,B,29,1,26.33
44,A,29,2,43.68
44,A,30,1,42.83
44,B,30,2,46.04
44,A,31,1,41.9
44,B,31,2,40.09
44,B,32,1,42.08
44,A,32,2,44.96
44,B,33,1,35.02
44,A,33,2,46.08
44,A,34,1,41.68
44,B,34,2,37.76
44,A,35,1,45.17
44,B,35,2,30.05
44,B,36,1,39.36
44,A,36,2,45.23
45,C,1,1,43.21
45,B,1,2,48.92
45,B,2,1,55.5
45,C,2,2,53.67
45,B,3,1,52.81
45,C,3,2,53.34
45,C,4,1,33.24
45,B,4,2,27.98
45,C,5,1,41.97
45,B,5,2,36.93
45,B,6,1,39.01
45,C,6,2,30.33
45,B,7,1,35.54
45,C,7,2,36.25
45,C,8,1,47.56
45,B,8,2,39.65
45,C,9,1,38.43
45,B,9,2,37.05
45,B,10,1,47.32
45,C,10,2,37.64
45,B,11,1,27.79
45,C,11,2,39.68
45,C,12,1,30.77
45,B,12,2,32.85
45,C,13,1,37.04
45,B,13,2,48.42
45,B,14,1,47.46
45,C,14,2,47.53
45,B,15,1,62.94
45,C,15,2,56.32
45,C,16,1,42.5
45,B,16,2,54.52
45,C,17,1,43.93
45,B,17,2,48.07
45,B,18,1,50.26
45,C,18,2,41.75
45,B,19,1,48.89
45,C,19,2,45.57
45,C,20,1,30.88
45,B,20,2,31.43
45,C,21,1,36.86
45,B,21,2,32.06
45,B,22,1,42.74
45,C,22,2,39.14
45,B,23,1,54.76
45,C,23,2,34.04
45,C,24,1,46.13
45,B,24,2,50.09
45,C,25,1,39.9
45,B,25,2,45.17
45,B,26,1,45.15
45,C,26,2,47.97
45,B,27,1,34.5
45,C,27,2,29.3
45,C,28,1,55.28
45,B,28,2,48.22
45,C,29,1,37.85
45,B,29,2,38.01
45,B,30,1,49.84
45,C,30,2,25.47
45,B,31,1,53.06
45,C,31,2,41.44
45,C,32,1,53.5
45,B,32,2,35.92
45,C,33,1,35.12
45,B,33,2,42.17
45,B,34,1,49.08
45,C,34,2,49.53
45,B,35,1,53.61
45,C,35,2,35.32
45,C,36,1,46.4
45,B,36,2,36.25
46,A,1,1,45.43
46,B,1,2,50.81
46,C,1,3,49.7
46,B,2,1,39.02
46,C,2,2,58.2
46,A,2,3,50.6
46,C,3,1,53.4
46,A,3,2,43.26
46,B,3,3,47.41
46,C,4,1,31.2
46,B,4,2,34.04
46,A,4,3,39.53
46,A,5,1,39.07
46,C,5,2,52.07
46,B,5,3,47.18
46,B,6,1,58.48
46,A,6,2,46.71
46,C,6,3,48.12
46,A,7,1,50.29
46,B,7,2,42.66
46,C,7,3,59.44
46,B,8,1,42.25
46,C,8,2,47.24
46,A,8,3,45.36
46,C,9,1,39.99
46,A,9,2,39.94
46,B,9,3,32.3
46,C,10,1,44.13
46,B,10,2,36.55
46,A,10,3,38.2
46,A,11,1,53.95
46,C,11,2,44.21
46,B,11,3,52.21
46,B,12,1,42.67
46,A,12,2,39.38
46,C,12,3,39.8
47,A,1,1,34.01
47,B,1,2,35.31
47,C,1,3,40.21
47,B,2,1,43.32
47,C,2,2,39.62
47,A,2,3,44.66
47,C,3,1,28.67
47,A,3,2,35.99
47,B,3,3,33.92
47,C,4,1,42.61
47,B,4,2,46.69
47,A,4,3,43.12
47,A,5,1,43.54
47,C,5,2,25.28
47,B,5,3,42.4
47,B,6,1,44.47
47,A,6,2,33.52
47,C,6,3,50.43
47,A,7,1,50.69
47,B,7,2,35.42
47,C,7,3,35.77
47,B,8,1,32.54
47,C,8,2,30.58
47,A,8,3,30.87
47,C,9,1,29.13
47,A,9,2,44.26
47,B,9,3,38.23
47,C,10,1,33.33
47,B,10,2,41.34
47,A,10,3,33.84
47,A,11,1,44.24
47,C,11,2,38.35
47,B,11,3,44.21
47,B,12,1,39.46
47,A,12,2,34.05
47,C,12,3,25.54
47,A,13,1,26.42
47,B,13,2,30.03
47,C,13,3,26.78
47,B,14,1,45.32
47,C,14,2,39.62
47,A,14,3,53.51
47,C,15,1,33.83
47,A,15,2,41.4
47,B,15,3,30.48
47,C,16,1,45.78
47,B,16,2,41.8
47,A,16,3,47.17
47,A,17,1,42.13
47,C,17,2,37.14
47,B,17,3,38.45
47,B,18,1,32.86
47,A,18,2,45.27
47,C,18,3,33.69
47,A,19,1,43.51
47,B,19,2,51.99
47,C,19,3,42.11
47,B,20,1,45.9
47,C,20,2,40.23
47,A,20,3,39.24
47,C,21,1,28.31
47,A,21,2,34.15
47,B,21,3,28.84
47,C,22,1,43.86
47,B,22,2,45.44
47,A,22,3,42.43
47,A,23,1,46.74
47,C,23,2,41.92
47,B,23,3,32.28
47,B,24,1,35.55
47,A,24,2,35.55
47,C,24,3,40.26
47,A,25,1,43.62
47,B,25,2,41.11
47,C,25,3,38
47,B,26,1,51.27
47,C,26,2,47.08
47,A,26,3,45.71
47,C,27,1,40.54
47,A,27,2,52.84
47,B,27,3,48.57
47,C,28,1,36.55
47,B,28,2,41.94
47,A,28,3,38.53
47,A,29,1,52.75
47,C,29,2,42.4
47,B,29,3,49.98
47,B,30,1,36.54
47,A,30,2,35.94
47,C,30,3,27.16
47,A,31,1,41.99
47,B,31,2,32.41
47,C,31,3,33.91
47,B,32,1,36.63
47,C,32,2,17.12
47,A,32,3,37.93
47,C,33,1,39.83
47,A,33,2,44.29
47,B,33,3,44.35
47,C,34,1,44.59
47,B,34,2,44.7
47,A,34,3,52.83
47,A,35,1,53.92
47,C,35,2,48.23
47,B,35,3,45.23
47,B,36,1,39.77
47,A,36,2,54.26
47,C,36,3,32.01
47,A,37,1,40.89
47,B,37,2,47.56
47,C,37,3,47.69
47,B,38,1,31.06
47,C,38,2,36.11
47,A,38,3,43.62
47,C,39,1,43.45
47,A,39,2,49.11
47,B,39,3,48.96
47,C,40,1,38.97
47,B,40,2,34
47,A,40,3,39.96
47,A,41,1,47.9
47,C,41,2,49.73
47,B,41,3,42.69
47,B,42,1,46.44
47,A,42,2,46.92
47,C,42,3,38.46
48,B,1,1,52.83
48,A,1,2,55.48
48,A,2,1,51.31
48,B,2,2,53.85
48,A,3,1,32.99
48,B,3,2,35.12
48,B,4,1,47.34
48,A,4,2,47.3
48,B,5,1,47.56
48,A,5,2,47.71
48,A,6,1,52.12
48,B,6,2,52.82
48,A,7,1,46.38
48,B,7,2,56.33
48,B,8,1,48.16
48,A,8,2,44.54
48,B,9,1,45.74
48,A,9,2,49.04
48,A,10,1,50.49
48,B,10,2,60.21
48,A,11,1,42.41
48,B,11,2,35.23
48,B,12,1,53.13
48,A,12,2,53.41
49,C,1,1,40.48
49,B,1,2,46.91
49,B,2,1,48.11
49,C,2,2,26.89
49,B,3,1,40.61
49,C,3,2,32.14
49,C,4,1,41.59
49,B,4,2,61.27
49,C,5,1,53.95
49,B,5,2,46.45
49,B,6,1,41.72
49,C,6,2,37.69
49,B,7,1,52.93
49,C,7,2,39.19
49,C,8,1,46.61
49,B,8,2,52.46
49,C,9,1,37.33
49,B,9,2,37.59
49,B,10,1,57.33
49,C,10,2,49.31
49,B,11,1,54.15
49,C,11,2,39.06
49,C,12,1,32.7
49,B,12,2,45.59
49,C,13,1,33.19
49,B,13,2,37.56
49,B,14,1,49.95
49,C,14,2,37.18
49,B,15,1,43.33
49,C,15,2,35.72
49,C,16,1,42.05
49,B,16,2,53.95
49,C,17,1,28.72
49,B,17,2,39.39
49,B,18,1,46.18
49,C,18,2,36.73
49,B,19,1,36.98
49,C,19,2,38.67
49,C,20,1,26.86
49,B,20,2,41.18
49,C,21,1,42.2
49,B,21,2,48.46
49,B,22,1,36.26
49,C,22,2,35.29
49,B,23,1,46.71
49,C,23,2,35.05
49,C,24,1,38.31
49,B,24,2,52.16
49,C,25,1,35.46
49,B,25,2,41.81
49,B,26,1,53.23
49,C,26,2,41.8
49,B,27,1,52.59
49,C,27,2,40.96
49,C,28,1,30.3
49,B,28,2,33.34
49,C,29,1,37.74
49,B,29,2,40.29
49,B,30,1,40.59
49,C,30,2,44.47
49,B,31,1,50.49
49,C,31,2,37.61
49,C,32,1,33.69
49,B,32,2,45.8
50,C,1,1,35.09
50,A,1,2,53.61
50,A,2,1,47.98
50,C,2,2,39.22
50,A,3,1,45.77
50,C,3,2,41.99
50,C,4,1,38.01
50,A,4,2,59.84
50,C,5,1,36.98
50,A,5,2,42.28
50,A,6,1,56.95
50,C,6,2,38.73
50,A,7,1,41.37
50,C,7,2,39.5
50,C,8,1,53.58
50,A,8,2,51.39
50,C,9,1,38.3
50,A,9,2,44.96
50,A,10,1,55.6
50,C,10,2,45.79
50,A,11,1,51.96
50,C,11,2,34.58
50,C,12,1,37.17
50,A,12,2,45.24
50,C,13,1,32.27
50,A,13,2,49.29
50,A,14,1,48.79
50,C,14,2,45.06
50,A,15,1,42.85
50,C,15,2,26.38
50,C,16,1,43.01
50,A,16,2,45.67
50,C,17,1,37.11
50,A,17,2,33
50,A,18,1,36.1
50,C,18,2,29.64
50,A,19,1,63.94
50,C,19,2,45.26
50,C,20,1,37.99
50,A,20,2,42.51
50,C,21,1,24.84
50,A,21,2,40.37
50,A,22,1,47.83
50,C,22,2,41.75
50,A,23,1,42.4
50,C,23,2,24.33
50,C,24,1,41.15
50,A,24,2,53.46
50,C,25,1,57.79
50,A,25,2,70.82
50,A,26,1,52.69
50,C,26,2,40.73
50,A,27,1,39.71
50,C,27,2,30.26
50,C,28,1,33.15
50,A,28,2,39.67
51,A,1,1,46.49
51,B,1,2,41.7
51,C,1,3,45.1
51,B,2,1,48.74
51,C,2,2,39.16
51,A,2,3,54.47
51,C,3,1,57.93
51,A,3,2,54.09
51,B,3,3,55.54
51,C,4,1,34.3
51,B,4,2,29.67
51,A,4,3,49.96
51,A,5,1,51.11
51,C,5,2,38.7
51,B,5,3,46.32
51,B,6,1,38.14
51,A,6,2,41.02
51,C,6,3,48.41
51,A,7,1,51.27
51,B,7,2,49.48
51,C,7,3,35.5
51,B,8,1,48.51
51,C,8,2,34.96
51,A,8,3,57.94
51,C,9,1,46.35
51,A,9,2,51.87
51,B,9,3,59.56
51,C,10,1,41.68
51,B,10,2,42.82
51,A,10,3,53.64
51,A,11,1,49.36
51,C,11,2,32.22
51,B,11,3,57.56
51,B,12,1,44.76
51,A,12,2,50.08
51,C,12,3,43.64
51,A,13,1,43.93
51,B,13,2,48.23
51,C,13,3,48.68
51,B,14,1,42.81
51,C,14,2,44.75
51,A,14,3,55.81
51,C,15,1,42.02
51,A,15,2,37.06
51,B,15,3,48.62
51,C,16,1,40.93
51,B,16,2,43.55
51,A,16,3,52.51
51,A,17,1,51.78
51,C,17,2,52.97
51,B,17,3,49.96
51,B,18,1,46.25
51,A,18,2,50.69
51,C,18,3,41.57
51,A,19,1,28.93
51,B,19,2,28.31
51,C,19,3,32.41
51,B,20,1,33.53
51,C,20,2,42.87
51,A,20,3,48.64
51,C,21,1,39.58
51,A,21,2,40.79
51,B,21,3,39.57
51,C,22,1,39.73
51,B,22,2,55.86
51,A,22,3,45.34
51,A,23,1,55.98
51,C,23,2,44.79
51,B,23,3,52.76
51,B,24,1,41.78
51,A,24,2,46.68
51,C,24,3,40.74
51,A,25,1,46.23
51,B,25,2,49.09
51,C,25,3,41.71
51,B,26,1,41.32
51,C,26,2,30.64
51,A,26,3,43.7
51,C,27,1,37.87
51,A,27,2,44.21
51,B,27,3,46.64
51,C,28,1,37.94
51,B,28,2,49.19
51,A,28,3,44.92
51,A,29,1,36.67
51,C,29,2,44.16
51,B,29,3,54.19
51,B,30,1,46.69
51,A,30,2,52.79
51,C,30,3,49.31
51,A,31,1,39.41
51,B,31,2,32.12
51,C,31,3,34.02
51,B,32,1,49.61
51,C,32,2,47.15
51,A,32,3,52.76
51,C,33,1,34.06
51,A,33,2,40.31
51,B,33,3,40.62
51,C,34,1,45.28
51,B,34,2,35.37
51,A,34,3,46.71
51,A,35,1,53.86
51,C,35,2,39.43
51,B,35,3,44.97
51,B,36,1,47.48
51,A,36,2,51.07
51,C,36,3,54.12
51,A,37,1,45.88
51,B,37,2,43.45
51,C,37,3,38.28
51,B,38,1,51.78
51,C,38,2,51.6
51,A,38,3,56.16
51,C,39,1,47.6
51,A,39,2,43
51,B,39,3,38.83
51,C,40,1,48.36
51,B,40,2,39.97
51,A,40,3,62.91
51,A,41,1,57.03
51,C,41,2,50.66
51,B,41,3,56.4
51,B,42,1,33.03
51,A,42,2,38.66
51,C,42,3,32.95
51,A,43,1,49.07
51,B,43,2,40.46
51,C,43,3,48.99
51,B,44,1,48.45
51,C,44,2,37.07
51,A,44,3,44.64
51,C,45,1,34.62
51,A,45,2,47.73
51,B,45,3,41.12
51,C,46,1,34.33
51,B,46,2,32.37
51,A,46,3,50.04
51,A,47,1,46.9
51,C,47,2,29.53
51,B,47,3,34.62
51,B,48,1,37.68
51,A,48,2,43.06
51,C,48,3,49
52,C,1,1,45.72
52,B,1,2,36.24
52,B,2,1,32.67
52,C,2,2,44.84
52,B,3,1,52.36
52,C,3,2,36.28
52,C,4,1,36.44
52,B,4,2,36.66
52,C,5,1,40.32
52,B,5,2,54.58
52,B,6,1,41.34
52,C,6,2,49.96
52,B,7,1,40.75
52,C,7,2,57.51
52,C,8,1,38.79
52,B,8,2,31.33
52,C,9,1,47.44
52,B,9,2,41.05
52,B,10,1,39.29
52,C,10,2,35.18
52,B,11,1,40.25
52,C,11,2,48.49
52,C,12,1,55.78
52,B,12,2,50.87
52,C,13,1,41.87
52,B,13,2,45.56
52,B,14,1,47.39
52,C,14,2,47.08
52,B,15,1,46.5
52,C,15,2,53.7
52,C,16,1,38.07
52,B,16,2,43.11
52,C,17,1,48
52,B,17,2,45.64
52,B,18,1,40.6
52,C,18,2,36.93
52,B,19,1,44.03
52,C,19,2,46.33
52,C,20,1,51.64
52,B,20,2,42.99
52,C,21,1,42.61
52,B,21,2,39.16
52,B,22,1,43.18
52,C,22,2,52.06
52,B,23,1,57.02
52,C,23,2,45.05
52,C,24,1,50.77
52,B,24,2,44
52,C,25,1,54.55
52,B,25,2,52.77
52,B,26,1,38.9
52,C,26,2,54.17
52,B,27,1,33.86
52,C,27,2,37.81
52,C,28,1,42.55
52,B,28,2,47.14
52,C,29,1,51.75
52,B,29,2,50.05
52,B,30,1,55.36
52,C,30,2,45.55
52,B,31,1,49.09
52,C,31,2,47.17
52,C,32,1,54.26
52,B,32,2,41.09
52,C,33,1,45.99
52,B,33,2,56.07
52,B,34,1,36.54
52,C,34,2,44.2
52,B,35,1,47.4
52,C,35,2,46.49
52,C,36,1,38.87
52,B,36,2,44.2
53,A,1,1,41.18
53,B,1,2,46.59
53,C,1,3,36.64
53,B,2,1,34.41
53,C,2,2,38.04
53,A,2,3,40.49
53,C,3,1,41.03
53,A,3,2,44.64
53,B,3,3,31.95
53,C,4,1,38.74
53,B,4,2,32.42
53,A,4,3,36.09
53,A,5,1,38.8
53,C,5,2,39.14
53,B,5,3,45.82
53,B,6,1,52.9
53,A,6,2,57.68
53,C,6,3,44.09
53,A,7,1,43.82
53,B,7,2,46.51
53,C,7,3,41.49
53,B,8,1,32.51
53,C,8,2,44.06
53,A,8,3,47.37
53,C,9,1,24.5
53,A,9,2,46.57
53,B,9,3,45.92
53,C,10,1,42.36
53,B,10,2,44.76
53,A,10,3,50.39
53,A,11,1,44.19
53,C,11,2,52.68
53,B,11,3,44.9
53,B,12,1,41.39
53,A,12,2,56.79
53,C,12,3,43.36
54,A,1,1,53.27
54,B,1,2,41.1
54,C,1,3,47.92
54,B,2,1,49.82
54,C,2,2,43.02
54,A,2,3,59.42
54,C,3,1,32.73
54,A,3,2,43.56
54,B,3,3,42.33
54,C,4,1,38.9
54,B,4,2,50.85
54,A,4,3,47.47
54,A,5,1,37.4
54,C,5,2,29.13
54,B,5,3,38.48
54,B,6,1,35.03
54,A,6,2,30.15
54,C,6,3,27.15
54,A,7,1,39.56
54,B,7,2,37.75
54,C,7,3,27.5
54,B,8,1,30.92
54,C,8,2,29.85
54,A,8,3,38.99
54,C,9,1,39.03
54,A,9,2,48.31
54,B,9,3,42.93
54,C,10,1,50.7
54,B,10,2,45.73
54,A,10,3,49.79
54,A,11,1,52.48
54,C,11,2,31.59
54,B,11,3,43.39
54,B,12,1,48.38
54,A,12,2,39.93
54,C,12,3,38.97
54,A,13,1,40.37
54,B,13,2,33.79
54,C,13,3,44.8
54,B,14,1,21.3
54,C,14,2,26
54,A,14,3,24.28
54,C,15,1,42.6
54,A,15,2,47.77
54,B,15,3,50.45
54,C,16,1,38.22
54,B,16,2,42.1
54,A,16,3,46.65
54,A,17,1,31.95
54,C,17,2,28.15
54,B,17,3,32.71
54,B,18,1,51.66
54,A,18,2,41.59
54,C,18,3,33.22
54,A,19,1,40.22
54,B,19,2,45.15
54,C,19,3,49.76
54,B,20,1,39.7
54,C,20,2,34.59
54,A,20,3,55.88
54,C,21,1,40.47
54,A,21,2,50.49
54,B,21,3,53.85
54,C,22,1,41.55
54,B,22,2,41.86
54,A,22,3,50.91
54,A,23,1,42.67
54,C,23,2,24.53
54,B,23,3,34.72
54,B,24,1,49.89
54,A,24,2,43.74
54,C,24,3,44.18
54,A,25,1,44.74
54,B,25,2,44.41
54,C,25,3,38.09
54,B,26,1,42.37
54,C,26,2,39.64
54,A,26,3,36.28
54,C,27,1,38.22
54,A,27,2,39.48
54,B,27,3,39.82
54,C,28,1,42.88
54,B,28,2,45.21
54,A,28,3,52.74
54,A,29,1,32.62
54,C,29,2,30.92
54,B,29,3,33.07
54,B,30,1,51.64
54,A,30,2,44.73
54,C,30,3,27.04
54,A,31,1,50.81
54,B,31,2,46.31
54,C,31,3,51.13
54,B,32,1,52.27
54,C,32,2,47.14
54,A,32,3,55.38
54,C,33,1,42.5
54,A,33,2,46.23
54,B,33,3,49.58
54,C,34,1,44.57
54,B,34,2,38.78
54,A,34,3,42.11
54,A,35,1,41.87
54,C,35,2,30.26
54,B,35,3,35.53
54,B,36,1,41.46
54,A,36,2,45.89
54,C,36,3,46.56
54,A,37,1,48.47
54,B,37,2,41.68
54,C,37,3,35.97
54,B,38,1,45.55
54,C,38,2,34.56
54,A,38,3,42.08
54,C,39,1,29.4
54,A,39,2,36.89
54,B,39,3,53.7
54,C,40,1,29.7
54,B,40,2,35.25
54,A,40,3,36.21
54,A,41,1,39.74
54,C,41,2,38.82
54,B,41,3,46.31
54,B,42,1,34.11
54,A,42,2,30.58
54,C,42,3,31.39
54,A,43,1,57.81
54,B,43,2,40.74
54,C,43,3,39
54,B,44,1,40.57
54,C,44,2,45.73
54,A,44,3,47.72
54,C,45,1,39.53
54,A,45,2,55.56
54,B,45,3,48.55
54,C,46,1,41.78
54,B,46,2,49.21
54,A,46,3,45.55
54,A,47,1,45.48
54,C,47,2,32.88
54,B,47,3,40
54,B,48,1,42.77
54,A,48,2,45.04
54,C,48,3,37.96
54,A,49,1,43.23
54,B,49,2,35.03
54,C,49,3,36.91
54,B,50,1,34.81
54,C,50,2,33.25
54,A,50,3,45.62
54,C,51,1,32.97
54,A,51,2,40.73
54,B,51,3,34.08
54,C,52,1,20.38
54,B,52,2,40.68
54,A,52,3,29.74
54,A,53,1,44.26
54,C,53,2,38.98
54,B,53,3,56.36
54,B,54,1,41.22
54,A,54,2,39.16
54,C,54,3,37.1
54,A,55,1,47.09
54,B,55,2,41.69
54,C,55,3,45.94
54,B,56,1,43.38
54,C,56,2,46.75
54,A,56,3,42.84
54,C,57,1,46.09
54,A,57,2,41.04
54,B,57,3,47.11
54,C,58,1,27.79
54,B,58,2,43.05
54,A,58,3,35.14
54,A,59,1,47.32
54,C,59,2,36.81
54,B,59,3,49.48
54,B,60,1,42.92
54,A,60,2,43.99
54,C,60,3,44.26
55,C,1,1,49.36
55,A,1,2,54.29
55,A,2,1,47.79
55,C,2,2,50.9
55,A,3,1,65.49
55,C,3,2,61.71
55,C,4,1,47.68
55,A,4,2,43.17
55,C,5,1,47.59
55,A,5,2,40.55
55,A,6,1,54.41
55,C,6,2,42.26
55,A,7,1,49.23
55,C,7,2,52.32
55,C,8,1,36.12
55,A,8,2,36.7
55,C,9,1,42.73
55,A,9,2,50.04
55,A,10,1,51.57
55,C,10,2,49.06
55,A,11,1,48.15
55,C,11,2,39.3
55,C,12,1,45.58
55,A,12,2,49.33
55,C,13,1,44.17
55,A,13,2,43
55,A,14,1,50.88
55,C,14,2,49.61
55,A,15,1,49.93
55,C,15,2,37.12
55,C,16,1,40.93
55,A,16,2,54.87
55,C,17,1,54.39
55,A,17,2,56.06
55,A,18,1,36.77
55,C,18,2,42.79
55,A,19,1,47.26
55,C,19,2,48.37
55,C,20,1,40.35
55,A,20,2,35.27
55,C,21,1,44.31
55,A,21,2,54.83
55,A,22,1,42.86
55,C,22,2,49.9
55,A,23,1,50.15
55,C,23,2,53.26
55,C,24,1,35.19
55,A,24,2,53.2
55,C,25,1,60.04
55,A,25,2,62.15
55,A,26,1,46.09
55,C,26,2,47.06
55,A,27,1,46.24
55,C,27,2,48.64
55,C,28,1,47.36
55,A,28,2,57.01
55,C,29,1,31.11
55,A,29,2,43.54
55,A,30,1,47.01
55,C,30,2,43.41
55,A,31,1,46.01
55,C,31,2,45.07
55,C,32,1,45.04
55,A,32,2,58.94
56,A,1,1,43.71
56,B,1,2,49.22
56,C,1,3,37.46
56,B,2,1,41.41
56,C,2,2,43.5
56,A,2,3,42.54
56,C,3,1,39.39
56,A,3,2,41.23
56,B,3,3,32.79
56,C,4,1,45.64
56,B,4,2,55.5
56,A,4,3,59.3
56,A,5,1,47.48
56,C,5,2,36.98
56,B,5,3,34.79
56,B,6,1,50.64
56,A,6,2,60.83
56,C,6,3,46.91
56,A,7,1,44.56
56,B,7,2,52.73
56,C,7,3,42.68
56,B,8,1,48.49
56,C,8,2,42.54
56,A,8,3,49.07
56,C,9,1,43.65
56,A,9,2,46.61
56,B,9,3,43.63
56,C,10,1,47.1
56,B,10,2,44.64
56,A,10,3,30.38
56,A,11,1,62.91
56,C,11,2,45.5
56,B,11,3,49.31
56,B,12,1,47.94
56,A,12,2,54.14
56,C,12,3,37.3
56,A,13,1,37.38
56,B,13,2,48.03
56,C,13,3,27.56
56,B,14,1,49.79
56,C,14,2,45.56
56,A,14,3,55.74
56,C,15,1,43.76
56,A,15,2,39.67
56,B,15,3,51.07
56,C,16,1,50.4
56,B,16,2,41.88
56,A,16,3,41.24
56,A,17,1,49.67
56,C,17,2,30.52
56,B,17,3,35.88
56,B,18,1,44.66
56,A,18,2,40.39
56,C,18,3,38.42
56,A,19,1,54.89
56,B,19,2,46.36
56,C,19,3,36.17
56,B,20,1,41.28
56,C,20,2,34.98
56,A,20,3,43.63
56,C,21,1,42.06
56,A,21,2,47.43
56,B,21,3,47.22
56,C,22,1,52.5
56,B,22,2,47.92
56,A,22,3,53.73
56,A,23,1,45.46
56,C,23,2,53.76
56,B,23,3,47.99
56,B,24,1,54.82
56,A,24,2,58.3
56,C,24,3,47.94
56,A,25,1,47.57
56,B,25,2,45.39
56,C,25,3,28.91
56,B,26,1,47.18
56,C,26,2,48.85
56,A,26,3,47.87
56,C,27,1,52.49
56,A,27,2,49.83
56,B,27,3,54.29
56,C,28,1,42.83
56,B,28,2,39.11
56,A,28,3,48.2
56,A,29,1,47.46
56,C,29,2,37.11
56,B,29,3,30.58
56,B,30,1,53.25
56,A,30,2,46.29
56,C,30,3,43.85
56,A,31,1,50.59
56,B,31,2,57.25
56,C,31,3,42.66
56,B,32,1,42.13
56,C,32,2,47.31
56,A,32,3,55.4
56,C,33,1,38.1
56,A,33,2,40.74
56,B,33,3,31.36
56,C,34,1,56.46
56,B,34,2,59
56,A,34,3,54.2
56,A,35,1,48
56,C,35,2,37.73
56,B,35,3,50.11
56,B,36,1,55.52
56,A,36,2,51.36
56,C,36,3,36.88
56,A,37,1,43.64
56,B,37,2,43.89
56,C,37,3,40.59
56,B,38,1,42.84
56,C,38,2,43.38
56,A,38,3,42.05
56,C,39,1,49.32
56,A,39,2,53.44
56,B,39,3,51.99
56,C,40,1,40.75
56,B,40,2,48.07
56,A,40,3,45.18
56,A,41,1,52.83
56,C,41,2,44.13
56,B,41,3,37.98
56,B,42,1,32.65
56,A,42,2,44.38
56,C,42,3,36.15
56,A,43,1,51.1
56,B,43,2,52.96
56,C,43,3,40.35
56,B,44,1,45.11
56,C,44,2,45.68
56,A,44,3,52.21
56,C,45,1,34.83
56,A,45,2,43.72
56,B,45,3,41.75
56,C,46,1,53.14
56,B,46,2,55.84
56,A,46,3,48.16
56,A,47,1,49.85
56,C,47,2,45.5
56,B,47,3,55.56
56,B,48,1,49.24
56,A,48,2,50.58
56,C,48,3,43.76
56,A,49,1,58.88
56,B,49,2,48.16
56,C,49,3,52.85
56,B,50,1,56.1
56,C,50,2,51.23
56,A,50,3,46.83
56,C,51,1,48.34
56,A,51,2,52.87
56,B,51,3,61.76
56,C,52,1,47.11
56,B,52,2,54.17
56,A,52,3,50.08
56,A,53,1,53.99
56,C,53,2,41.44
56,B,53,3,47.48
56,B,54,1,46.68
56,A,54,2,52.9
56,C,54,3,45.43
57,B,1,1,30.05
57,A,1,2,44.5
57,A,2,1,48.38
57,B,2,2,37.32
57,A,3,1,33.18
57,B,3,2,31.87
57,B,4,1,34.62
57,A,4,2,41.5
57,B,5,1,37.38
57,A,5,2,40.96
57,A,6,1,52.09
57,B,6,2,39.72
57,A,7,1,49.36
57,B,7,2,39.23
57,B,8,1,39.85
57,A,8,2,39.85
58,C,1,1,28.44
58,A,1,2,42.65
58,A,2,1,44.67
58,C,2,2,48.32
58,A,3,1,53.62
58,C,3,2,49.46
58,C,4,1,49.57
58,A,4,2,45.44
58,C,5,1,40.53
58,A,5,2,58.97
58,A,6,1,34.41
58,C,6,2,31.96
58,A,7,1,51.3
58,C,7,2,40.19
58,C,8,1,45.99
58,A,8,2,49.84
58,C,9,1,43.22
58,A,9,2,45.26
58,A,10,1,49.85
58,C,10,2,35.41
58,A,11,1,42.06
58,C,11,2,33.2
58,C,12,1,35.88
58,A,12,2,39.65
58,C,13,1,48.85
58,A,13,2,59.41
58,A,14,1,43.76
58,C,14,2,37.1
58,A,15,1,49.65
58,C,15,2,52.51
58,C,16,1,35.37
58,A,16,2,42.48
59,A,1,1,32.79
59,B,1,2,50.5
59,C,1,3,45.38
59,B,2,1,44.34
59,C,2,2,41.47
59,A,2,3,55.7
59,C,3,1,38.93
59,A,3,2,47.39
59,B,3,3,50.27
59,C,4,1,41.25
59,B,4,2,43.42
59,A,4,3,45.43
59,A,5,1,45.33
59,C,5,2,43.25
59,B,5,3,41.28
59,B,6,1,24.58
59,A,6,2,32.71
59,C,6,3,34.58
59,A,7,1,58.74
59,B,7,2,54.98
59,C,7,3,59.17
59,B,8,1,29.31
59,C,8,2,29.66
59,A,8,3,45.19
59,C,9,1,42.62
59,A,9,2,50.7
59,B,9,3,43.98
59,C,10,1,41.45
59,B,10,2,27.4
59,A,10,3,43.62
59,A,11,1,34.47
59,C,11,2,41.99
59,B,11,3,36.76
59,B,12,1,43.72
59,A,12,2,54.06
59,C,12,3,63.65
60,C,1,1,38.74
60,B,1,2,44.8
60,B,2,1,40.45
60,C,2,2,41.17
60,B,3,1,27.82
60,C,3,2,33.91
60,C,4,1,43.03
60,B,4,2,48.19
60,C,5,1,35.36
60,B,5,2,38.81
60,B,6,1,26.6
60,C,6,2,25.19
60,B,7,1,44.75
60,C,7,2,37.9
60,C,8,1,27.77
60,B,8,2,44.31
60,C,9,1,43.25
60,B,9,2,42.02
60,B,10,1,39.36
60,C,10,2,37.23
60,B,11,1,48.65
60,C,11,2,53.26
60,C,12,1,37.26
60,B,12,2,36.68
